Workbook

Sheet README
A1: õpilased kellele on tehtud dummy andmetes mitu käskkirja rida (dubleerib ridu):
A2: S00023 | B2: mitme käskkirjaga õpilane
A3: S00041 | B3: mitme käskkirjaga õpilane
A4: S00058 | B4: mitme käskkirjaga õpilane
A5: S00019 | B5: mitme käskkirjaga õpilane
A6: S00027 | B6: mitme käskkirjaga õpilane
A7: S00054 | B7: mitme käskkirjaga õpilane
A8: S00045 | B8: mitme käskkirjaga õpilane
A9: S00047 | B9: mitme käskkirjaga õpilane
A13: 29.09.2025 mari | B13: dymmy data deklareemiste kuupäevad panin
B14: sügissem. | C14: 10.09.AASTA
B15: kevadsem. | C15: 10.02.AASTA
A17: 29.09.2025 mari | B17: kõik kes on katkestanud peab olema ka vähemalt üks käskkiri "eksmatrikuleerimine"
A19: 29.09.2025 mari | B19: opkood | C19: oppeaine | D19: EAP | E19: hindamisviis | F19: vana nimi
B20: Õppeaine kood | C20: Õppeaine nimetus | D20: Maht EAP | E20: Õppeaine hindamisviis | F20: uus; selline peaks olema ka kooli "õppeained csv" nimed
E26: õppeaasta
B27: 2020 | C27: 44105 | D27: 44469 | E27: 1
B28: 2021 | C28: 44470 | D28: 44834 | E28: 2
B29: 2022 | C29: 44835 | D29: 45199 | E29: 3
B30: 2023 | C30: 45200 | D30: 45565 | E30: 4
B31: 2024 | C31: 45566 | D31: 45930 | E31: 5
B32: 2025 | C32: 45931 | D32: 46295 | E32: 6

Sheet Tahvli andmed
E1: vastuvõtu kpv | F1: kui katkestas siis eksmatrikuleerimise käskkirja kuupäev | J1: immatrikuleerimise kpv-st aasta, millal see rühm alustas, kui rühma koodis ei kajastu aasta. | L1: võib muutuda ku näiteks akadeemilisel | N1: õpilase | Q1: kui suurem muudatus siis kood muutub, nt kui nominaalaeg muutub | T1: vastus: tudengi akadeemiline aasta. | W1: õppekava total-ist. | AG1: count õppeaine | AM1: vastus: kui sooritas ex/arvetust mitu korda,siis siin on lõpphinne. | AN1: Õppeaine tuleb päringu väljavõtus koodi ja nime kombinatsioonina, näiteks „6AA17/KF - Kliiniline farmakoloogia“. Eraldi ainult koodi valida ei ole võimalik. | AO1: Õppeaine =Deklareeritud õppeaine
A2: Sugu | B2: Külalisõppija | C2: Välisõppija | D2: Cum laude | E2: Immatrikuleeritud | F2: Lõpetanud | G2: Käskkirja kinnitamise kp | H2: Käskkirja liik | I2: Käskkirja põhjus | J2: Õpperühm | K2: Õppija staatus | L2: Nominaalaja lõpp | M2: Õppevorm | N2: Koormus | O2: Struktuuriüksus | P2: Õppekava | Q2: EHIS kood | R2: Õppetase | S2: Spetsialiseerumine | T2: Õppeaasta | U2: Rahastamine | V2: Õppekeel | W2: Õppekava täitmise protsent % | X2: Õppijal on erivajadus | Y2: Erivajaduse täpsustus | Z2: Õpipoisi ettevõte | AA2: Ainepunkte kokku | AB2: Ainepunkte perioodis | AC2: Kaalutud keskmine kokku | AD2: Kaalutud keskmine hinne perioodis | AE2: Keskmine kokku | AF2: Keskmine hinne perioodis | AG2: Võlad kokku | AH2: Võlad perioodis | AI2: Võlapunktid kokku EAP | AJ2: Võlapunktid perioodis EAP | AK2: Deklareeritud ainepunkte perioodis | AL2: VÕTA maht | AM2: Aktiivne sooritus aines | AN2: Õppeaine | AO2: Deklareeritud õppeaine | AP2: Deklaratsiooni kinnitus perioodis | AQ2: Eelnev haridus
A3: Mees | B3: Ei | C3: Ei | D3: Ei | E3: kuupäev | F3: kuupäev | G3: kuupäev | H3: Akadeemilise puhkuse katkestamine | I3: Lapsehoolduspuhkusel | J3: õpperühma tähis (ainult tähed või numbrid ja tähed) | K3: Akadeemilisel | L3: kuupäev | M3: Eksternõpe | N3: Määramata | O3: Meditsiinitehnilise hariduse keskus | P3: Assistant Pharmacist | Q3: 214475 | R3: 514 rakenduskõrgharidusõpe | S3: Intensiivõendus | T3: 1 | U3: SF programmist „PRÕM“ rahastatav õppekoht: õpipoisiõpe | V3: eesti keel | W3: protsent | X3: Ei | Y3: kirjeldus | Z3: asutuse nimi | AA3: arv | AB3: arv | AC3: arv | AD3: arv | AE3: arv | AF3: arv | AG3: arv | AH3: arv | AI3: arv | AJ3: arv | AK3: arv | AL3: arv | AM3: Arvestatud | AN3: õppeaine nimi | AO3: õppeaine nimi | AP3: kuupäev | AQ3: 310 üldkeskharidus
A4: Naine | B4: Jah | C4: Jah | D4: Jah | H4: Akadeemilisele puhkusele lubamine | I4: Omal soovil | K4: Katkestanud | M4: Päevaõpe | N4: Osakoormus | O4: Tervishariduse keskus | P4: Farmatseut | Q4: 1477 | R4: 614 magistriõpe (3+2) | S4: Kliiniline õendus | T4: 2 | U4: Üliõpilane ei hüvita õppekulusid: õpib täies mahus eestikeelsel õppekaval | V4: inglise keel | X4: Jah | AM4: Hea | AN4: 6AA17/KF - Kliiniline farmakoloogia | AQ4: 313 põhiharidust eeldav kutse- ja keskharidus
H5: Duplikaadi väljastamine | I5: Omal soovil - muud põhjused | K5: Lõpetanud | N5: Täiskoormus | O5: Õenduse õppetool | P5: Hambatehnik | Q5: 80166 | S5: Terviseõendus | T5: 3 | U5: Üliõpilane ei hüvita õppekulusid: on alla 7-a lapse või puudega lapse vanem või eestkostja | AM5: Kasin | AQ5: 314 põhiharidust eeldav keskeri-/tehnikumiharidus
H6: Eksmatrikuleerimine | I6: Tervislikel põhjustel | K6: Välisõppes | P6: Optometrist | Q6: 1479 | S6: Vaimse tervise õendus | T6: 4 | U6: Üliõpilane ei hüvita õppekulusid: vabastatud muudel põhjustel | AM6: Mittearvestatud | AN6: see veerg lüüa lahku deklareerimised tabelis | AQ6: 323 kutsekeskharidus põhihariduse baasil
H7: Eksternõppesse arvamine | I7: Õppetööle mitteilmumine | K7: Õpib | P7: Tegevusterapeut | Q7: 3311 | T7: 5 | U7: Üliõpilaselt nõutakse õppekulude hüvitamist puuduolevate ainepunktide eest | AM7: Mitteilmunud | AQ7: 411 kutsekeskharidusõpe
H8: Eksternõppest väljaarvamine | P8: Tervisedendus | Q8: 80997 | U8: Üliõpilaselt nõutakse õppekulude hüvitamist tasulisel õppekohal | AM8: Puudulik | AN8: õppeained tabelis on kood olemas | AQ8: 412 kutseõpe keskhariduse baasil
H9: Finantseerimisallika muutmine | P9: Terviseteadus | Q9: 194200 | AM9: Rahuldav | AQ9: 413 kutsekeskharidus keskhariduse baasil
H10: Immatrikuleerimine | P10: Õde | Q10: 1467 | AM10: Suurepärane | AQ10: 414 keskharidust eeldav keskeri-/tehnikumiharidus
H11: Käskkirja tühistamine | P11: Ämmaemand | Q11: 1470 | AM11: Väga hea | AQ11: 441 Neljanda taseme kutseõppe esmaõpe (kutsekeskharidusõpe)
H12: Lõpetamine | AQ12: 442 Neljanda taseme kutseõppe esmaõpe
H13: Muu | AQ13: 452 Viienda taseme kutseõppe esmaõpe
H14: Stipendiumi/õppetoetuse maksmise lõpetamine | AQ14: 503 integreeritud õpe
H15: Stipendiumi/õppetoetuse määramine | AQ15: 511 bakalaureuseõpe
H16: Tugimeetmete rakendamine | AQ16: 512 bakalaureuseõpe
H17: Tugimeetmete rakendamise lõpp | AQ17: 513 rakenduskõrgkooli ja ülikooli diplomiõpe
H18: Välisõpilaseks vormistamine | AQ18: 514 rakenduskõrgharidusõpe
H19: Välisõpingute katkestamine/varem lõpetamine | AQ19: 523 kutsekõrgharidus
H20: Õppekava vahetamine | AQ20: 614 magistriõpe (3+2)
H21: Õppekoormuse muutmine

Sheet Õppeained
A1: Õppeaine nimetus | B1: Õppeaine kood | C1: Maht EAP | D1: Õppeaine hindamisviis
A2: Accommodation and vergence dysfunction | B2: VAAVD-25 | C2: 4 | D2: arvestus (mitteeristav)
A3: Ajakirjaklubi | B3: 8VA18/AK | C3: 5 | D3: arvestus (mitteeristav)
A4: Akadeemiline kirjutamine | B4: 5PA13AK | C4: 2 | D4: arvestus (mitteeristav)
A5: Akrüülproteesid I | B5: 2DR113AP-1 | C5: 6 | D5: eksam (eristav hindamine)
A6: Akrüülproteesid I | B6: 2DR117/AP1 | C6: 8 | D6: eksam (eristav hindamine)
A7: Akrüülproteesid II | B7: 2DR113AP-2 | C7: 8 | D7: eksam (eristav hindamine)
A8: Akrüülproteesid II | B8: 2DR117/AP2 | C8: 8 | D8: eksam (eristav hindamine)
A9: Alusteadmised laste ja noorukite tegevusteraapiast | B9: 5TP17/ALNT | C9: 5 | D9: eksam (eristav hindamine)
A10: Alusteadmised laste ja noorukite tegevusteraapiast | B10: 5LNT13ALT | C10: 5 | D10: eksam (eristav hindamine)
A11: Alusteadmised laste ja noorukite tegevusteraapiast | B11: 5TP20/ALNT | C11: 5 | D11: eksam (eristav hindamine)
A12: Analüütiline keemia | B12: 1KE09/AK | C12: 6 | D12: hindeline arvestus (eristav hindamine)
A13: Analüütiline keemia | B13: 1iC19/AC | C13: 4 | D13: eksam (eristav hindamine)
... A1088: Ülevaade hammaste morfoloogiast | B1088: VA17/ÜHM | C1088: 5 | D1088: arvestus (mitteeristav)

Sheet opained_pivot
I1: Õppeaine hindamisviis
A2: Õppeaine nimetus | B2: (All) | I2: arvestus (mitteeristav)
A3: Maht EAP | B3: (All) | I3: eksam (eristav hindamine)
I4: hindeline arvestus (eristav hindamine)
A5: Count of Õppeaine kood
A6: Õppeaine hindamisviis | B6: Total
A7: arvestus (mitteeristav) | B7: 439
A8: eksam (eristav hindamine) | B8: 533
A9: hindeline arvestus (eristav hindamine) | B9: 115
A10: (blank)
A11: Grand Total | B11: 1087
I19: Kaalutud keskmine hinne = | P19: Kaalutud keskmine hinne =
I20: VAR Hinne_EAP = | P20: VAR Hinne_EAP =
I21: SUMX ( | P21: SUMX (
I22: FILTER ( | P22: FILTER (
I23: deklareerimised, | P23: deklareerimised,
I24: CONTAINSSTRING ( RELATED ( 'oppeained_katsetamiseks'[hindamisviis] ), "eristav" ) | P24: NOT CONTAINSSTRING ( RELATED (oppeained_katsetamiseks[Õppeaine hindamisviis]), "mitteeristav" )
I25: ), | P25: ),
I26: deklareerimised[sooritus_arvuna] * RELATED ( 'oppeained_katsetamiseks'[EAP] ) | P26: deklareerimised[sooritus_arvuna] * RELATED (oppeained_katsetamiseks[Maht EAP])
I27: ) | P27: )
I28: VAR Kokku_EAP = | P28: VAR Kokku_EAP =
I29: SUMX ( | P29: SUMX (
I30: FILTER ( | P30: FILTER (
... I82: DIVIDE ( Hinne_EAP, Kokku_EAP ) | P82: DIVIDE ( Hinne_EAP, Kokku_EAP )

Sheet dummy_oppeained
A1: Õppeaine kood | B1: Õppeaine nimetus | C1: Maht EAP | D1: Õppeaine hindamisviis
A2: 1 | B2: õppeaine1 | C2: 3 | D2: mitteeristav
A3: 2 | B3: õppeaine2 | C3: 6 | D3: eristav
A4: 3 | B4: õppeaine3 | C4: 3 | D4: mitteeristav
A5: 4 | B5: õppeaine4 | C5: 2 | D5: mitteeristav
A6: 5 | B6: õppeaine5 | C6: 2 | D6: mitteeristav
A7: 6 | B7: õppeaine6 | C7: 3 | D7: mitteeristav
A8: 7 | B8: õppeaine7 | C8: 3 | D8: mitteeristav
A9: 8 | B9: õppeaine8 | C9: 6 | D9: eristav
A10: 9 | B10: õppeaine9 | C10: 8 | D10: eristav
A11: 10 | B11: õppeaine10 | C11: 9 | D11: eristav
A12: 11 | B12: õppeaine11 | C12: 10 | D12: eristav
A13: 12 | B13: õppeaine12 | C13: 5 | D13: eristav
... A444: 443 | B444: õppeaine443 | C444: 8 | D444: eristav

Sheet dummy_data
A1: matrikli_nr | B1: eesnimi | C1: perenimi | D1: täisnimi | E1: isikukood | F1: Sugu | G1: Eelnev haridus | H1: Külalisõppija | I1: Välisõppija | J1: Cum laude | K1: Immatrikuleeritud | L1: Lõpetanud | M1: Käskkirja kinnitamise kp | N1: Käskkirja liik | O1: Käskkirja põhjus | P1: Õpperühm | Q1: Õppija staatus | R1: Nominaalaja lõpp | S1: Õppevorm | T1: Koormus | U1: Struktuuriüksus | V1: Õppekava | W1: Õppekava EHIS kood | X1: Õppetase | Y1: Spetsialiseerumine | Z1: Õppeaasta | AA1: Rahastamine | AB1: Õppekeel | AC1: Õppekava täitmise protsent % | AD1: Õppijal on erivajadus | AE1: Erivajaduse täpsustus | AF1: Õpipoisi ettevõte | AG1: Ainepunkte kokku | AH1: Ainepunkte perioodis | AI1: Kaalutud keskmine kokku | AJ1: Kaalutud keskmine hinne perioodis | AK1: Keskmine kokku | AL1: Keskmine hinne perioodis | AM1: Võlad kokku | AN1: Võlad perioodis | AO1: Võlapunktid kokku EAP | AP1: Võlapunktid perioodis EAP | AQ1: Deklareeritud ainepunkte perioodis | AR1: VÕTA maht | AS1: Aktiivne sooritus aines | AT1: Õppeaine | AU1: Deklareeritud õppeaine | AV1: Deklaratsiooni kinnitus perioodis | AW1: Õppekava Nominaalaeg (a) | AX1: EAP | AY1: hindamisviis | AZ1: Sooritus_arvuna | BA1: EAP_sooritus_eristav | BB1: EAP_eristav | BC1: abiveerg | BD1: row_count | BE1: v
A2: S00001 | B2: Pille | C2: Tamm | D2: Pille Tamm | E2: 51206259631 | F2: Naine | G2: 323 kutsekeskharidus põhihariduse baasil | H2: Jah | I2: Jah | J2: Jah | K2: 44440 | L2: 45835 | M2: 44502 | N2: Eksmatrikuleerimine | O2: Tervislikel põhjustel | P2: 21sügis_TT | Q2: Katkestanud | R2: 44531 | S2: Eksternõpe | T2: Osakoormus | U2: Tervishariduse keskus | V2: Tegevusterapeut | W2: 3311 | X2: 514 rakenduskõrgharidusõpe | Y2: NULL | Z2: 1 | AA2: SF programmist „PRÕM“ rahastatav õppekoht: õpipoisiõpe | AB2: eesti keel | AC2: 0.5 | AD2: Jah | AE2: liikumispuue | AF2: NULL | AG2: 185 | AH2: 47 | AI2: 3.1 | AJ2: 3.3 | AK2: 3.3 | AL2: 3.7 | AM2: 4 | AN2: 2 | AO2: 4 | AP2: 4 | AQ2: 56 | AR2: 4 | AS2: Puudulik | AT2: õppeaine22 | AU2: õppeaine22 | AV2: 44449 | AW2: 4 | AX2: =VLOOKUP(dummy_data!$AU2,dummy_oppeained!B:C,2,0) -> 6 | AY2: =VLOOKUP(AT2,dummy_oppeained!B:D,3,0) -> eristav | AZ2: =VLOOKUP(AS:AS,hinded_abi!B:D,3,0) -> 0 | BA2: =IF(AY2="eristav",AX2*AZ2," ") -> 0 | BB2: =IF(AY2="eristav",AX2,0) -> 6 | BC2: =_xlfn.CONCAT(A2,"_",E2,"_",AT2,"_",AV2) -> S00001_51206259631_õppeaine22_44449 | BD2: =COUNTIF($BC$2:BC2, BC2) -> 1
A3: S00001 | B3: Pille | C3: Tamm | D3: Pille Tamm | E3: 51206259631 | F3: Naine | G3: 323 kutsekeskharidus põhihariduse baasil | H3: Jah | I3: Jah | J3: Jah | K3: 44440 | L3: 45835 | M3: 44502 | N3: Eksmatrikuleerimine | O3: Tervislikel põhjustel | P3: 21sügis_TT | Q3: Katkestanud | R3: 44531 | S3: Eksternõpe | T3: Osakoormus | U3: Tervishariduse keskus | V3: Tegevusterapeut | W3: 3311 | X3: 514 rakenduskõrgharidusõpe | Y3: NULL | Z3: 1 | AA3: SF programmist „PRÕM“ rahastatav õppekoht: õpipoisiõpe | AB3: eesti keel | AC3: 0.5 | AD3: Jah | AE3: liikumispuue | AF3: NULL | AG3: 185 | AH3: 47 | AI3: 3.1 | AJ3: 3.3 | AK3: 3.3 | AL3: 3.7 | AM3: 4 | AN3: 2 | AO3: 4 | AP3: 4 | AQ3: 56 | AR3: 4 | AS3: Suurepärane | AT3: õppeaine2 | AU3: õppeaine2 | AV3: 44449 | AW3: 4 | AX3: =VLOOKUP(dummy_data!$AU3,dummy_oppeained!B:C,2,0) -> 6 | AY3: =VLOOKUP(AT3,dummy_oppeained!B:D,3,0) -> eristav | AZ3: =VLOOKUP(AS:AS,hinded_abi!B:D,3,0) -> 5 | BA3: =IF(AY3="eristav",AX3*AZ3," ") -> 30 | BB3: =IF(AY3="eristav",AX3,0) -> 6 | BC3: =_xlfn.CONCAT(A3,"_",E3,"_",AT3,"_",AV3) -> S00001_51206259631_õppeaine2_44449 | BD3: =COUNTIF($BC$2:BC3, BC3) -> 1
A4: S00001 | B4: Pille | C4: Tamm | D4: Pille Tamm | E4: 51206259631 | F4: Naine | G4: 323 kutsekeskharidus põhihariduse baasil | H4: Jah | I4: Jah | J4: Jah | K4: 44440 | L4: 45835 | M4: 44502 | N4: Eksmatrikuleerimine | O4: Tervislikel põhjustel | P4: 21sügis_TT | Q4: Katkestanud | R4: 44531 | S4: Eksternõpe | T4: Osakoormus | U4: Tervishariduse keskus | V4: Tegevusterapeut | W4: 3311 | X4: 514 rakenduskõrgharidusõpe | Y4: NULL | Z4: 1 | AA4: SF programmist „PRÕM“ rahastatav õppekoht: õpipoisiõpe | AB4: eesti keel | AC4: 0.5 | AD4: Jah | AE4: liikumispuue | AF4: NULL | AG4: 185 | AH4: 47 | AI4: 3.1 | AJ4: 3.3 | AK4: 3.3 | AL4: 3.7 | AM4: 4 | AN4: 2 | AO4: 4 | AP4: 4 | AQ4: 56 | AR4: 4 | AS4: Arvestatud | AT4: õppeaine85 | AU4: õppeaine85 | AV4: 44449 | AW4: 4 | AX4: =VLOOKUP(dummy_data!$AU4,dummy_oppeained!B:C,2,0) -> 3 | AY4: =VLOOKUP(AT4,dummy_oppeained!B:D,3,0) -> mitteeristav | AZ4: =VLOOKUP(AS:AS,hinded_abi!B:D,3,0) -> NULL | BA4: =IF(AY4="eristav",AX4*AZ4," ") | BB4: =IF(AY4="eristav",AX4,0) -> 0 | BC4: =_xlfn.CONCAT(A4,"_",E4,"_",AT4,"_",AV4) -> S00001_51206259631_õppeaine85_44449 | BD4: =COUNTIF($BC$2:BC4, BC4) -> 1
A5: S00001 | B5: Pille | C5: Tamm | D5: Pille Tamm | E5: 51206259631 | F5: Naine | G5: 323 kutsekeskharidus põhihariduse baasil | H5: Jah | I5: Jah | J5: Jah | K5: 44440 | L5: 45835 | M5: 44502 | N5: Eksmatrikuleerimine | O5: Tervislikel põhjustel | P5: 21sügis_TT | Q5: Katkestanud | R5: 44531 | S5: Eksternõpe | T5: Osakoormus | U5: Tervishariduse keskus | V5: Tegevusterapeut | W5: 3311 | X5: 514 rakenduskõrgharidusõpe | Y5: NULL | Z5: 1 | AA5: SF programmist „PRÕM“ rahastatav õppekoht: õpipoisiõpe | AB5: eesti keel | AC5: 0.5 | AD5: Jah | AE5: liikumispuue | AF5: NULL | AG5: 185 | AH5: 47 | AI5: 3.1 | AJ5: 3.3 | AK5: 3.3 | AL5: 3.7 | AM5: 4 | AN5: 2 | AO5: 4 | AP5: 4 | AQ5: 56 | AR5: 4 | AS5: Arvestatud | AT5: õppeaine29 | AU5: õppeaine29 | AV5: 44449 | AW5: 4 | AX5: =VLOOKUP(dummy_data!$AU5,dummy_oppeained!B:C,2,0) -> 3 | AY5: =VLOOKUP(AT5,dummy_oppeained!B:D,3,0) -> mitteeristav | AZ5: =VLOOKUP(AS:AS,hinded_abi!B:D,3,0) -> NULL | BA5: =IF(AY5="eristav",AX5*AZ5," ") | BB5: =IF(AY5="eristav",AX5,0) -> 0 | BC5: =_xlfn.CONCAT(A5,"_",E5,"_",AT5,"_",AV5) -> S00001_51206259631_õppeaine29_44449 | BD5: =COUNTIF($BC$2:BC5, BC5) -> 1
A6: S00001 | B6: Pille | C6: Tamm | D6: Pille Tamm | E6: 51206259631 | F6: Naine | G6: 323 kutsekeskharidus põhihariduse baasil | H6: Jah | I6: Jah | J6: Jah | K6: 44440 | L6: 45835 | M6: 44502 | N6: Eksmatrikuleerimine | O6: Tervislikel põhjustel | P6: 21sügis_TT | Q6: Katkestanud | R6: 44531 | S6: Eksternõpe | T6: Osakoormus | U6: Tervishariduse keskus | V6: Tegevusterapeut | W6: 3311 | X6: 514 rakenduskõrgharidusõpe | Y6: NULL | Z6: 1 | AA6: SF programmist „PRÕM“ rahastatav õppekoht: õpipoisiõpe | AB6: eesti keel | AC6: 0.5 | AD6: Jah | AE6: liikumispuue | AF6: NULL | AG6: 185 | AH6: 47 | AI6: 3.1 | AJ6: 3.3 | AK6: 3.3 | AL6: 3.7 | AM6: 4 | AN6: 2 | AO6: 4 | AP6: 4 | AQ6: 56 | AR6: 4 | AS6: Puudulik | AT6: õppeaine24 | AU6: õppeaine24 | AV6: 44449 | AW6: 4 | AX6: =VLOOKUP(dummy_data!$AU6,dummy_oppeained!B:C,2,0) -> 9 | AY6: =VLOOKUP(AT6,dummy_oppeained!B:D,3,0) -> eristav | AZ6: =VLOOKUP(AS:AS,hinded_abi!B:D,3,0) -> 0 | BA6: =IF(AY6="eristav",AX6*AZ6," ") -> 0 | BB6: =IF(AY6="eristav",AX6,0) -> 9 | BC6: =_xlfn.CONCAT(A6,"_",E6,"_",AT6,"_",AV6) -> S00001_51206259631_õppeaine24_44449 | BD6: =COUNTIF($BC$2:BC6, BC6) -> 1
A7: S00001 | B7: Pille | C7: Tamm | D7: Pille Tamm | E7: 51206259631 | F7: Naine | G7: 323 kutsekeskharidus põhihariduse baasil | H7: Jah | I7: Jah | J7: Jah | K7: 44440 | L7: 45835 | M7: 44502 | N7: Eksmatrikuleerimine | O7: Tervislikel põhjustel | P7: 21sügis_TT | Q7: Katkestanud | R7: 44531 | S7: Eksternõpe | T7: Osakoormus | U7: Tervishariduse keskus | V7: Tegevusterapeut | W7: 3311 | X7: 514 rakenduskõrgharidusõpe | Y7: NULL | Z7: 1 | AA7: SF programmist „PRÕM“ rahastatav õppekoht: õpipoisiõpe | AB7: eesti keel | AC7: 0.5 | AD7: Jah | AE7: liikumispuue | AF7: NULL | AG7: 185 | AH7: 47 | AI7: 3.1 | AJ7: 3.3 | AK7: 3.3 | AL7: 3.7 | AM7: 4 | AN7: 2 | AO7: 4 | AP7: 4 | AQ7: 56 | AR7: 4 | AS7: Mittearvestatud | AT7: õppeaine59 | AU7: õppeaine59 | AV7: 44449 | AW7: 4 | AX7: =VLOOKUP(dummy_data!$AU7,dummy_oppeained!B:C,2,0) -> 3 | AY7: =VLOOKUP(AT7,dummy_oppeained!B:D,3,0) -> mitteeristav | AZ7: =VLOOKUP(AS:AS,hinded_abi!B:D,3,0) -> NULL | BA7: =IF(AY7="eristav",AX7*AZ7," ") | BB7: =IF(AY7="eristav",AX7,0) -> 0 | BC7: =_xlfn.CONCAT(A7,"_",E7,"_",AT7,"_",AV7) -> S00001_51206259631_õppeaine59_44449 | BD7: =COUNTIF($BC$2:BC7, BC7) -> 1
A8: S00001 | B8: Pille | C8: Tamm | D8: Pille Tamm | E8: 51206259631 | F8: Naine | G8: 323 kutsekeskharidus põhihariduse baasil | H8: Jah | I8: Jah | J8: Jah | K8: 44440 | L8: 45835 | M8: 44502 | N8: Eksmatrikuleerimine | O8: Tervislikel põhjustel | P8: 21sügis_TT | Q8: Katkestanud | R8: 44531 | S8: Eksternõpe | T8: Osakoormus | U8: Tervishariduse keskus | V8: Tegevusterapeut | W8: 3311 | X8: 514 rakenduskõrgharidusõpe | Y8: NULL | Z8: 1 | AA8: SF programmist „PRÕM“ rahastatav õppekoht: õpipoisiõpe | AB8: eesti keel | AC8: 0.5 | AD8: Jah | AE8: liikumispuue | AF8: NULL | AG8: 185 | AH8: 47 | AI8: 3.1 | AJ8: 3.3 | AK8: 3.3 | AL8: 3.7 | AM8: 4 | AN8: 2 | AO8: 4 | AP8: 4 | AQ8: 56 | AR8: 4 | AS8: Hea | AT8: õppeaine84 | AU8: õppeaine84 | AV8: 44449 | AW8: 4 | AX8: =VLOOKUP(dummy_data!$AU8,dummy_oppeained!B:C,2,0) -> 6 | AY8: =VLOOKUP(AT8,dummy_oppeained!B:D,3,0) -> eristav | AZ8: =VLOOKUP(AS:AS,hinded_abi!B:D,3,0) -> 3 | BA8: =IF(AY8="eristav",AX8*AZ8," ") -> 18 | BB8: =IF(AY8="eristav",AX8,0) -> 6 | BC8: =_xlfn.CONCAT(A8,"_",E8,"_",AT8,"_",AV8) -> S00001_51206259631_õppeaine84_44449 | BD8: =COUNTIF($BC$2:BC8, BC8) -> 1
A9: S00001 | B9: Pille | C9: Tamm | D9: Pille Tamm | E9: 51206259631 | F9: Naine | G9: 323 kutsekeskharidus põhihariduse baasil | H9: Jah | I9: Jah | J9: Jah | K9: 44440 | L9: 45835 | M9: 44502 | N9: Eksmatrikuleerimine | O9: Tervislikel põhjustel | P9: 21sügis_TT | Q9: Katkestanud | R9: 44531 | S9: Eksternõpe | T9: Osakoormus | U9: Tervishariduse keskus | V9: Tegevusterapeut | W9: 3311 | X9: 514 rakenduskõrgharidusõpe | Y9: NULL | Z9: 1 | AA9: SF programmist „PRÕM“ rahastatav õppekoht: õpipoisiõpe | AB9: eesti keel | AC9: 0.5 | AD9: Jah | AE9: liikumispuue | AF9: NULL | AG9: 185 | AH9: 47 | AI9: 3.1 | AJ9: 3.3 | AK9: 3.3 | AL9: 3.7 | AM9: 4 | AN9: 2 | AO9: 4 | AP9: 4 | AQ9: 56 | AR9: 4 | AS9: Mittearvestatud | AT9: õppeaine76 | AU9: õppeaine76 | AV9: 44449 | AW9: 4 | AX9: =VLOOKUP(dummy_data!$AU9,dummy_oppeained!B:C,2,0) -> 3 | AY9: =VLOOKUP(AT9,dummy_oppeained!B:D,3,0) -> mitteeristav | AZ9: =VLOOKUP(AS:AS,hinded_abi!B:D,3,0) -> NULL | BA9: =IF(AY9="eristav",AX9*AZ9," ") | BB9: =IF(AY9="eristav",AX9,0) -> 0 | BC9: =_xlfn.CONCAT(A9,"_",E9,"_",AT9,"_",AV9) -> S00001_51206259631_õppeaine76_44449 | BD9: =COUNTIF($BC$2:BC9, BC9) -> 1
A10: S00001 | B10: Pille | C10: Tamm | D10: Pille Tamm | E10: 51206259631 | F10: Naine | G10: 323 kutsekeskharidus põhihariduse baasil | H10: Jah | I10: Jah | J10: Jah | K10: 44440 | L10: 45835 | M10: 44502 | N10: Eksmatrikuleerimine | O10: Tervislikel põhjustel | P10: 21sügis_TT | Q10: Katkestanud | R10: 44531 | S10: Eksternõpe | T10: Osakoormus | U10: Tervishariduse keskus | V10: Tegevusterapeut | W10: 3311 | X10: 514 rakenduskõrgharidusõpe | Y10: NULL | Z10: 1 | AA10: SF programmist „PRÕM“ rahastatav õppekoht: õpipoisiõpe | AB10: eesti keel | AC10: 0.5 | AD10: Jah | AE10: liikumispuue | AF10: NULL | AG10: 185 | AH10: 47 | AI10: 3.1 | AJ10: 3.3 | AK10: 3.3 | AL10: 3.7 | AM10: 4 | AN10: 2 | AO10: 4 | AP10: 4 | AQ10: 56 | AR10: 4 | AS10: Hea | AT10: õppeaine79 | AU10: õppeaine79 | AV10: 44449 | AW10: 4 | AX10: =VLOOKUP(dummy_data!$AU10,dummy_oppeained!B:C,2,0) -> 8 | AY10: =VLOOKUP(AT10,dummy_oppeained!B:D,3,0) -> eristav | AZ10: =VLOOKUP(AS:AS,hinded_abi!B:D,3,0) -> 3 | BA10: =IF(AY10="eristav",AX10*AZ10," ") -> 24 | BB10: =IF(AY10="eristav",AX10,0) -> 8 | BC10: =_xlfn.CONCAT(A10,"_",E10,"_",AT10,"_",AV10) -> S00001_51206259631_õppeaine79_44449 | BD10: =COUNTIF($BC$2:BC10, BC10) -> 1
A11: S00001 | B11: Pille | C11: Tamm | D11: Pille Tamm | E11: 51206259631 | F11: Naine | G11: 323 kutsekeskharidus põhihariduse baasil | H11: Jah | I11: Jah | J11: Jah | K11: 44440 | L11: 45835 | M11: 44502 | N11: Eksmatrikuleerimine | O11: Tervislikel põhjustel | P11: 21sügis_TT | Q11: Katkestanud | R11: 44531 | S11: Eksternõpe | T11: Osakoormus | U11: Tervishariduse keskus | V11: Tegevusterapeut | W11: 3311 | X11: 514 rakenduskõrgharidusõpe | Y11: NULL | Z11: 2 | AA11: SF programmist „PRÕM“ rahastatav õppekoht: õpipoisiõpe | AB11: eesti keel | AC11: 0.9 | AD11: Jah | AE11: liikumispuue | AF11: NULL | AG11: 185 | AH11: 30 | AI11: 3.1 | AJ11: 4.4 | AK11: 3.3 | AL11: 3.3 | AM11: 4 | AN11: 1 | AO11: 4 | AP11: 10 | AQ11: 43 | AR11: 4 | AS11: Väga hea | AT11: õppeaine67 | AU11: õppeaine67 | AV11: 44449 | AW11: 4 | AX11: =VLOOKUP(dummy_data!$AU11,dummy_oppeained!B:C,2,0) -> 5 | AY11: =VLOOKUP(AT11,dummy_oppeained!B:D,3,0) -> eristav | AZ11: =VLOOKUP(AS:AS,hinded_abi!B:D,3,0) -> 4 | BA11: =IF(AY11="eristav",AX11*AZ11," ") -> 20 | BB11: =IF(AY11="eristav",AX11,0) -> 5 | BC11: =_xlfn.CONCAT(A11,"_",E11,"_",AT11,"_",AV11) -> S00001_51206259631_õppeaine67_44449 | BD11: =COUNTIF($BC$2:BC11, BC11) -> 1
A12: S00001 | B12: Pille | C12: Tamm | D12: Pille Tamm | E12: 51206259631 | F12: Naine | G12: 323 kutsekeskharidus põhihariduse baasil | H12: Jah | I12: Jah | J12: Jah | K12: 44440 | L12: 45835 | M12: 44502 | N12: Eksmatrikuleerimine | O12: Tervislikel põhjustel | P12: 21sügis_TT | Q12: Katkestanud | R12: 44531 | S12: Eksternõpe | T12: Osakoormus | U12: Tervishariduse keskus | V12: Tegevusterapeut | W12: 3311 | X12: 514 rakenduskõrgharidusõpe | Y12: NULL | Z12: 2 | AA12: SF programmist „PRÕM“ rahastatav õppekoht: õpipoisiõpe | AB12: eesti keel | AC12: 0.9 | AD12: Jah | AE12: liikumispuue | AF12: NULL | AG12: 185 | AH12: 30 | AI12: 3.1 | AJ12: 4.4 | AK12: 3.3 | AL12: 3.3 | AM12: 4 | AN12: 1 | AO12: 4 | AP12: 10 | AQ12: 43 | AR12: 4 | AS12: Hea | AT12: õppeaine39 | AU12: õppeaine39 | AV12: 44449 | AW12: 4 | AX12: =VLOOKUP(dummy_data!$AU12,dummy_oppeained!B:C,2,0) -> 5 | AY12: =VLOOKUP(AT12,dummy_oppeained!B:D,3,0) -> eristav | AZ12: =VLOOKUP(AS:AS,hinded_abi!B:D,3,0) -> 3 | BA12: =IF(AY12="eristav",AX12*AZ12," ") -> 15 | BB12: =IF(AY12="eristav",AX12,0) -> 5 | BC12: =_xlfn.CONCAT(A12,"_",E12,"_",AT12,"_",AV12) -> S00001_51206259631_õppeaine39_44449 | BD12: =COUNTIF($BC$2:BC12, BC12) -> 1
A13: S00001 | B13: Pille | C13: Tamm | D13: Pille Tamm | E13: 51206259631 | F13: Naine | G13: 323 kutsekeskharidus põhihariduse baasil | H13: Jah | I13: Jah | J13: Jah | K13: 44440 | L13: 45835 | M13: 44502 | N13: Eksmatrikuleerimine | O13: Tervislikel põhjustel | P13: 21sügis_TT | Q13: Katkestanud | R13: 44531 | S13: Eksternõpe | T13: Osakoormus | U13: Tervishariduse keskus | V13: Tegevusterapeut | W13: 3311 | X13: 514 rakenduskõrgharidusõpe | Y13: NULL | Z13: 2 | AA13: SF programmist „PRÕM“ rahastatav õppekoht: õpipoisiõpe | AB13: eesti keel | AC13: 0.9 | AD13: Jah | AE13: liikumispuue | AF13: NULL | AG13: 185 | AH13: 30 | AI13: 3.1 | AJ13: 4.4 | AK13: 3.3 | AL13: 3.3 | AM13: 4 | AN13: 1 | AO13: 4 | AP13: 10 | AQ13: 43 | AR13: 4 | AS13: Arvestatud | AT13: õppeaine3 | AU13: õppeaine3 | AV13: 44449 | AW13: 4 | AX13: =VLOOKUP(dummy_data!$AU13,dummy_oppeained!B:C,2,0) -> 3 | AY13: =VLOOKUP(AT13,dummy_oppeained!B:D,3,0) -> mitteeristav | AZ13: =VLOOKUP(AS:AS,hinded_abi!B:D,3,0) -> NULL | BA13: =IF(AY13="eristav",AX13*AZ13," ") | BB13: =IF(AY13="eristav",AX13,0) -> 0 | BC13: =_xlfn.CONCAT(A13,"_",E13,"_",AT13,"_",AV13) -> S00001_51206259631_õppeaine3_44449 | BD13: =COUNTIF($BC$2:BC13, BC13) -> 1
... A27: S00001 | B27: Pille | C27: Tamm | D27: Pille Tamm | E27: 51206259631 | F27: Naine | G27: 323 kutsekeskharidus põhihariduse baasil | H27: Jah | I27: Jah | J27: Jah | K27: 44440 | L27: 45835 | M27: 44502 | N27: Eksmatrikuleerimine | O27: Tervislikel põhjustel | P27: 21sügis_TT | Q27: Katkestanud | R27: 44531 | S27: Eksternõpe | T27: Osakoormus | U27: Tervishariduse keskus | V27: Tegevusterapeut | W27: 3311 | X27: 514 rakenduskõrgharidusõpe | Y27: NULL | Z27: 4 | AA27: SF programmist „PRÕM“ rahastatav õppekoht: õpipoisiõpe | AB27: eesti keel | AC27: 0.6 | AD27: Jah | AE27: liikumispuue | AF27: NULL | AG27: 185 | AH27: 29 | AI27: 3.1 | AJ27: 4.4 | AK27: 3.3 | AL27: 3.9 | AM27: 4 | AN27: 3 | AO27: 4 | AP27: 3 | AQ27: 27 | AR27: 4 | AS27: Puudulik | AT27: õppeaine98 | AU27: õppeaine98 | AV27: 44449 | AW27: 4 | AX27: =VLOOKUP(dummy_data!$AU27,dummy_oppeained!B:C,2,0) -> 6 | AY27: =VLOOKUP(AT27,dummy_oppeained!B:D,3,0) -> eristav | AZ27: =VLOOKUP(AS:AS,hinded_abi!B:D,3,0) -> 0 | BA27: =IF(AY27="eristav",AX27*AZ27," ") -> 0 | BB27: =IF(AY27="eristav",AX27,0) -> 6 | BC27: =_xlfn.CONCAT(A27,"_",E27,"_",AT27,"_",AV27) -> S00001_51206259631_õppeaine98_44449 | BD27: =COUNTIF($BC$2:BC27, BC27) -> 1
A28: S00002 | B28: Anna | C28: Pärn | D28: Anna Pärn | E28: 53609056192 | F28: Naine | G28: 412 kutseõpe keskhariduse baasil | H28: Jah | I28: Ei | J28: Jah | K28: 44440 | L28: NULL | M28: 44504 | N28: Tugimeetmete rakendamine | O28: NULL | P28: 21sügis_TT | Q28: Akadeemilisel | R28: 44123 | S28: Päevaõpe | T28: Täiskoormus | U28: Tervishariduse keskus | V28: Tegevusterapeut | W28: 3311 | X28: 514 rakenduskõrgharidusõpe | Y28: NULL | Z28: 1 | AA28: Üliõpilaselt nõutakse õppekulude hüvitamist tasulisel õppekohal | AB28: eesti keel | AC28: 0.2 | AD28: Jah | AE28: liikumispuue | AF28: NULL | AG28: 184 | AH28: 33 | AI28: 4.9 | AJ28: 4.0 | AK28: 5.0 | AL28: 4.9 | AM28: 3 | AN28: 2 | AO28: 17 | AP28: 2 | AQ28: 48 | AR28: 9 | AS28: Arvestatud | AT28: õppeaine60 | AU28: õppeaine60 | AV28: 45698 | AW28: 4 | AX28: =VLOOKUP(dummy_data!$AU28,dummy_oppeained!B:C,2,0) -> 2 | AY28: =VLOOKUP(AT28,dummy_oppeained!B:D,3,0) -> mitteeristav | AZ28: =VLOOKUP(AS:AS,hinded_abi!B:D,3,0) -> NULL | BA28: =IF(AY28="eristav",AX28*AZ28," ") | BB28: =IF(AY28="eristav",AX28,0) -> 0 | BC28: =_xlfn.CONCAT(A28,"_",E28,"_",AT28,"_",AV28) -> S00002_53609056192_õppeaine60_45698 | BD28: =COUNTIF($BC$2:BC28, BC28) -> 1
A29: S00002 | B29: Anna | C29: Pärn | D29: Anna Pärn | E29: 53609056192 | F29: Naine | G29: 412 kutseõpe keskhariduse baasil | H29: Jah | I29: Ei | J29: Jah | K29: 44440 | L29: NULL | M29: 44504 | N29: Tugimeetmete rakendamine | O29: NULL | P29: 21sügis_TT | Q29: Akadeemilisel | R29: 44123 | S29: Päevaõpe | T29: Täiskoormus | U29: Tervishariduse keskus | V29: Tegevusterapeut | W29: 3311 | X29: 514 rakenduskõrgharidusõpe | Y29: NULL | Z29: 1 | AA29: Üliõpilaselt nõutakse õppekulude hüvitamist tasulisel õppekohal | AB29: eesti keel | AC29: 0.2 | AD29: Jah | AE29: liikumispuue | AF29: NULL | AG29: 184 | AH29: 33 | AI29: 4.9 | AJ29: 4.0 | AK29: 5.0 | AL29: 4.9 | AM29: 3 | AN29: 2 | AO29: 17 | AP29: 2 | AQ29: 48 | AR29: 9 | AS29: Puudulik | AT29: õppeaine13 | AU29: õppeaine13 | AV29: 45332 | AW29: 4 | AX29: =VLOOKUP(dummy_data!$AU29,dummy_oppeained!B:C,2,0) -> 6 | AY29: =VLOOKUP(AT29,dummy_oppeained!B:D,3,0) -> eristav | AZ29: =VLOOKUP(AS:AS,hinded_abi!B:D,3,0) -> 0 | BA29: =IF(AY29="eristav",AX29*AZ29," ") -> 0 | BB29: =IF(AY29="eristav",AX29,0) -> 6 | BC29: =_xlfn.CONCAT(A29,"_",E29,"_",AT29,"_",AV29) -> S00002_53609056192_õppeaine13_45332 | BD29: =COUNTIF($BC$2:BC29, BC29) -> 1
A30: S00002 | B30: Anna | C30: Pärn | D30: Anna Pärn | E30: 53609056192 | F30: Naine | G30: 412 kutseõpe keskhariduse baasil | H30: Jah | I30: Ei | J30: Jah | K30: 44440 | L30: NULL | M30: 44504 | N30: Tugimeetmete rakendamine | O30: NULL | P30: 21sügis_TT | Q30: Akadeemilisel | R30: 44123 | S30: Päevaõpe | T30: Täiskoormus | U30: Tervishariduse keskus | V30: Tegevusterapeut | W30: 3311 | X30: 514 rakenduskõrgharidusõpe | Y30: NULL | Z30: 1 | AA30: Üliõpilaselt nõutakse õppekulude hüvitamist tasulisel õppekohal | AB30: eesti keel | AC30: 0.2 | AD30: Jah | AE30: liikumispuue | AF30: NULL | AG30: 184 | AH30: 33 | AI30: 4.9 | AJ30: 4.0 | AK30: 5.0 | AL30: 4.9 | AM30: 3 | AN30: 2 | AO30: 17 | AP30: 2 | AQ30: 48 | AR30: 9 | AS30: Arvestatud | AT30: õppeaine46 | AU30: õppeaine46 | AV30: 44237 | AW30: 4 | AX30: =VLOOKUP(dummy_data!$AU30,dummy_oppeained!B:C,2,0) -> 2 | AY30: =VLOOKUP(AT30,dummy_oppeained!B:D,3,0) -> mitteeristav | AZ30: =VLOOKUP(AS:AS,hinded_abi!B:D,3,0) -> NULL | BA30: =IF(AY30="eristav",AX30*AZ30," ") | BB30: =IF(AY30="eristav",AX30,0) -> 0 | BC30: =_xlfn.CONCAT(A30,"_",E30,"_",AT30,"_",AV30) -> S00002_53609056192_õppeaine46_44237 | BD30: =COUNTIF($BC$2:BC30, BC30) -> 1
A31: S00002 | B31: Anna | C31: Pärn | D31: Anna Pärn | E31: 53609056192 | F31: Naine | G31: 412 kutseõpe keskhariduse baasil | H31: Jah | I31: Ei | J31: Jah | K31: 44440 | L31: NULL | M31: 44504 | N31: Tugimeetmete rakendamine | O31: NULL | P31: 21sügis_TT | Q31: Akadeemilisel | R31: 44123 | S31: Päevaõpe | T31: Täiskoormus | U31: Tervishariduse keskus | V31: Tegevusterapeut | W31: 3311 | X31: 514 rakenduskõrgharidusõpe | Y31: NULL | Z31: 1 | AA31: Üliõpilaselt nõutakse õppekulude hüvitamist tasulisel õppekohal | AB31: eesti keel | AC31: 0.2 | AD31: Jah | AE31: liikumispuue | AF31: NULL | AG31: 184 | AH31: 33 | AI31: 4.9 | AJ31: 4.0 | AK31: 5.0 | AL31: 4.9 | AM31: 3 | AN31: 2 | AO31: 17 | AP31: 2 | AQ31: 48 | AR31: 9 | AS31: Arvestatud | AT31: õppeaine18 | AU31: õppeaine18 | AV31: 44814 | AW31: 4 | AX31: =VLOOKUP(dummy_data!$AU31,dummy_oppeained!B:C,2,0) -> 2 | AY31: =VLOOKUP(AT31,dummy_oppeained!B:D,3,0) -> mitteeristav | AZ31: =VLOOKUP(AS:AS,hinded_abi!B:D,3,0) -> NULL | BA31: =IF(AY31="eristav",AX31*AZ31," ") | BB31: =IF(AY31="eristav",AX31,0) -> 0 | BC31: =_xlfn.CONCAT(A31,"_",E31,"_",AT31,"_",AV31) -> S00002_53609056192_õppeaine18_44814 | BD31: =COUNTIF($BC$2:BC31, BC31) -> 1
A32: S00002 | B32: Anna | C32: Pärn | D32: Anna Pärn | E32: 53609056192 | F32: Naine | G32: 412 kutseõpe keskhariduse baasil | H32: Jah | I32: Ei | J32: Jah | K32: 44440 | L32: NULL | M32: 44504 | N32: Tugimeetmete rakendamine | O32: NULL | P32: 21sügis_TT | Q32: Akadeemilisel | R32: 44123 | S32: Päevaõpe | T32: Täiskoormus | U32: Tervishariduse keskus | V32: Tegevusterapeut | W32: 3311 | X32: 514 rakenduskõrgharidusõpe | Y32: NULL | Z32: 1 | AA32: Üliõpilaselt nõutakse õppekulude hüvitamist tasulisel õppekohal | AB32: eesti keel | AC32: 0.2 | AD32: Jah | AE32: liikumispuue | AF32: NULL | AG32: 184 | AH32: 33 | AI32: 4.9 | AJ32: 4.0 | AK32: 5.0 | AL32: 4.9 | AM32: 3 | AN32: 2 | AO32: 17 | AP32: 2 | AQ32: 48 | AR32: 9 | AS32: Mitteilmunud | AT32: õppeaine50 | AU32: õppeaine50 | AV32: 44602 | AW32: 4 | AX32: =VLOOKUP(dummy_data!$AU32,dummy_oppeained!B:C,2,0) -> 6 | AY32: =VLOOKUP(AT32,dummy_oppeained!B:D,3,0) -> eristav | AZ32: =VLOOKUP(AS:AS,hinded_abi!B:D,3,0) -> 0 | BA32: =IF(AY32="eristav",AX32*AZ32," ") -> 0 | BB32: =IF(AY32="eristav",AX32,0) -> 6 | BC32: =_xlfn.CONCAT(A32,"_",E32,"_",AT32,"_",AV32) -> S00002_53609056192_õppeaine50_44602 | BD32: =COUNTIF($BC$2:BC32, BC32) -> 1
A33: S00002 | B33: Anna | C33: Pärn | D33: Anna Pärn | E33: 53609056192 | F33: Naine | G33: 412 kutseõpe keskhariduse baasil | H33: Jah | I33: Ei | J33: Jah | K33: 44440 | L33: NULL | M33: 44504 | N33: Tugimeetmete rakendamine | O33: NULL | P33: 21sügis_TT | Q33: Akadeemilisel | R33: 44123 | S33: Päevaõpe | T33: Täiskoormus | U33: Tervishariduse keskus | V33: Tegevusterapeut | W33: 3311 | X33: 514 rakenduskõrgharidusõpe | Y33: NULL | Z33: 1 | AA33: Üliõpilaselt nõutakse õppekulude hüvitamist tasulisel õppekohal | AB33: eesti keel | AC33: 0.2 | AD33: Jah | AE33: liikumispuue | AF33: NULL | AG33: 184 | AH33: 33 | AI33: 4.9 | AJ33: 4.0 | AK33: 5.0 | AL33: 4.9 | AM33: 3 | AN33: 2 | AO33: 17 | AP33: 2 | AQ33: 48 | AR33: 9 | AS33: Suurepärane | AT33: õppeaine81 | AU33: õppeaine81 | AV33: 44814 | AW33: 4 | AX33: =VLOOKUP(dummy_data!$AU33,dummy_oppeained!B:C,2,0) -> 5 | AY33: =VLOOKUP(AT33,dummy_oppeained!B:D,3,0) -> eristav | AZ33: =VLOOKUP(AS:AS,hinded_abi!B:D,3,0) -> 5 | BA33: =IF(AY33="eristav",AX33*AZ33," ") -> 25 | BB33: =IF(AY33="eristav",AX33,0) -> 5 | BC33: =_xlfn.CONCAT(A33,"_",E33,"_",AT33,"_",AV33) -> S00002_53609056192_õppeaine81_44814 | BD33: =COUNTIF($BC$2:BC33, BC33) -> 1
A34: S00002 | B34: Anna | C34: Pärn | D34: Anna Pärn | E34: 53609056192 | F34: Naine | G34: 412 kutseõpe keskhariduse baasil | H34: Jah | I34: Ei | J34: Jah | K34: 44440 | L34: NULL | M34: 44504 | N34: Tugimeetmete rakendamine | O34: NULL | P34: 21sügis_TT | Q34: Akadeemilisel | R34: 44123 | S34: Päevaõpe | T34: Täiskoormus | U34: Tervishariduse keskus | V34: Tegevusterapeut | W34: 3311 | X34: 514 rakenduskõrgharidusõpe | Y34: NULL | Z34: 1 | AA34: Üliõpilaselt nõutakse õppekulude hüvitamist tasulisel õppekohal | AB34: eesti keel | AC34: 0.2 | AD34: Jah | AE34: liikumispuue | AF34: NULL | AG34: 184 | AH34: 33 | AI34: 4.9 | AJ34: 4.0 | AK34: 5.0 | AL34: 4.9 | AM34: 3 | AN34: 2 | AO34: 17 | AP34: 2 | AQ34: 48 | AR34: 9 | AS34: Arvestatud | AT34: õppeaine76 | AU34: õppeaine76 | AV34: 44967 | AW34: 4 | AX34: =VLOOKUP(dummy_data!$AU34,dummy_oppeained!B:C,2,0) -> 3 | AY34: =VLOOKUP(AT34,dummy_oppeained!B:D,3,0) -> mitteeristav | AZ34: =VLOOKUP(AS:AS,hinded_abi!B:D,3,0) -> NULL | BA34: =IF(AY34="eristav",AX34*AZ34," ") | BB34: =IF(AY34="eristav",AX34,0) -> 0 | BC34: =_xlfn.CONCAT(A34,"_",E34,"_",AT34,"_",AV34) -> S00002_53609056192_õppeaine76_44967 | BD34: =COUNTIF($BC$2:BC34, BC34) -> 1
A35: S00002 | B35: Anna | C35: Pärn | D35: Anna Pärn | E35: 53609056192 | F35: Naine | G35: 412 kutseõpe keskhariduse baasil | H35: Jah | I35: Ei | J35: Jah | K35: 44440 | L35: NULL | M35: 44504 | N35: Tugimeetmete rakendamine | O35: NULL | P35: 21sügis_TT | Q35: Akadeemilisel | R35: 44123 | S35: Päevaõpe | T35: Täiskoormus | U35: Tervishariduse keskus | V35: Tegevusterapeut | W35: 3311 | X35: 514 rakenduskõrgharidusõpe | Y35: NULL | Z35: 1 | AA35: Üliõpilaselt nõutakse õppekulude hüvitamist tasulisel õppekohal | AB35: eesti keel | AC35: 0.2 | AD35: Jah | AE35: liikumispuue | AF35: NULL | AG35: 184 | AH35: 33 | AI35: 4.9 | AJ35: 4.0 | AK35: 5.0 | AL35: 4.9 | AM35: 3 | AN35: 2 | AO35: 17 | AP35: 2 | AQ35: 48 | AR35: 9 | AS35: Hea | AT35: õppeaine67 | AU35: õppeaine67 | AV35: 44449 | AW35: 4 | AX35: =VLOOKUP(dummy_data!$AU35,dummy_oppeained!B:C,2,0) -> 5 | AY35: =VLOOKUP(AT35,dummy_oppeained!B:D,3,0) -> eristav | AZ35: =VLOOKUP(AS:AS,hinded_abi!B:D,3,0) -> 3 | BA35: =IF(AY35="eristav",AX35*AZ35," ") -> 15 | BB35: =IF(AY35="eristav",AX35,0) -> 5 | BC35: =_xlfn.CONCAT(A35,"_",E35,"_",AT35,"_",AV35) -> S00002_53609056192_õppeaine67_44449 | BD35: =COUNTIF($BC$2:BC35, BC35) -> 1
A36: S00002 | B36: Anna | C36: Pärn | D36: Anna Pärn | E36: 53609056192 | F36: Naine | G36: 412 kutseõpe keskhariduse baasil | H36: Jah | I36: Ei | J36: Jah | K36: 44440 | L36: NULL | M36: 44504 | N36: Tugimeetmete rakendamine | O36: NULL | P36: 21sügis_TT | Q36: Akadeemilisel | R36: 44123 | S36: Päevaõpe | T36: Täiskoormus | U36: Tervishariduse keskus | V36: Tegevusterapeut | W36: 3311 | X36: 514 rakenduskõrgharidusõpe | Y36: NULL | Z36: 1 | AA36: Üliõpilaselt nõutakse õppekulude hüvitamist tasulisel õppekohal | AB36: eesti keel | AC36: 0.2 | AD36: Jah | AE36: liikumispuue | AF36: NULL | AG36: 184 | AH36: 33 | AI36: 4.9 | AJ36: 4.0 | AK36: 5.0 | AL36: 4.9 | AM36: 3 | AN36: 2 | AO36: 17 | AP36: 2 | AQ36: 48 | AR36: 9 | AS36: Mitteilmunud | AT36: õppeaine7 | AU36: õppeaine7 | AV36: 44237 | AW36: 4 | AX36: =VLOOKUP(dummy_data!$AU36,dummy_oppeained!B:C,2,0) -> 3 | AY36: =VLOOKUP(AT36,dummy_oppeained!B:D,3,0) -> mitteeristav | AZ36: =VLOOKUP(AS:AS,hinded_abi!B:D,3,0) -> 0 | BA36: =IF(AY36="eristav",AX36*AZ36," ") | BB36: =IF(AY36="eristav",AX36,0) -> 0 | BC36: =_xlfn.CONCAT(A36,"_",E36,"_",AT36,"_",AV36) -> S00002_53609056192_õppeaine7_44237 | BD36: =COUNTIF($BC$2:BC36, BC36) -> 1
A37: S00002 | B37: Anna | C37: Pärn | D37: Anna Pärn | E37: 53609056192 | F37: Naine | G37: 412 kutseõpe keskhariduse baasil | H37: Jah | I37: Ei | J37: Jah | K37: 44440 | L37: NULL | M37: 44504 | N37: Tugimeetmete rakendamine | O37: NULL | P37: 21sügis_TT | Q37: Akadeemilisel | R37: 44123 | S37: Päevaõpe | T37: Täiskoormus | U37: Tervishariduse keskus | V37: Tegevusterapeut | W37: 3311 | X37: 514 rakenduskõrgharidusõpe | Y37: NULL | Z37: 1 | AA37: Üliõpilaselt nõutakse õppekulude hüvitamist tasulisel õppekohal | AB37: eesti keel | AC37: 0.2 | AD37: Jah | AE37: liikumispuue | AF37: NULL | AG37: 184 | AH37: 33 | AI37: 4.9 | AJ37: 4.0 | AK37: 5.0 | AL37: 4.9 | AM37: 3 | AN37: 2 | AO37: 17 | AP37: 2 | AQ37: 48 | AR37: 9 | AS37: Kasin | AT37: õppeaine36 | AU37: õppeaine36 | AV37: 44084 | AW37: 4 | AX37: =VLOOKUP(dummy_data!$AU37,dummy_oppeained!B:C,2,0) -> 6 | AY37: =VLOOKUP(AT37,dummy_oppeained!B:D,3,0) -> eristav | AZ37: =VLOOKUP(AS:AS,hinded_abi!B:D,3,0) -> 1 | BA37: =IF(AY37="eristav",AX37*AZ37," ") -> 6 | BB37: =IF(AY37="eristav",AX37,0) -> 6 | BC37: =_xlfn.CONCAT(A37,"_",E37,"_",AT37,"_",AV37) -> S00002_53609056192_õppeaine36_44084 | BD37: =COUNTIF($BC$2:BC37, BC37) -> 1
A38: S00002 | B38: Anna | C38: Pärn | D38: Anna Pärn | E38: 53609056192 | F38: Naine | G38: 412 kutseõpe keskhariduse baasil | H38: Jah | I38: Ei | J38: Jah | K38: 44440 | L38: NULL | M38: 44504 | N38: Tugimeetmete rakendamine | O38: NULL | P38: 21sügis_TT | Q38: Akadeemilisel | R38: 44123 | S38: Päevaõpe | T38: Täiskoormus | U38: Tervishariduse keskus | V38: Tegevusterapeut | W38: 3311 | X38: 514 rakenduskõrgharidusõpe | Y38: NULL | Z38: 1 | AA38: Üliõpilaselt nõutakse õppekulude hüvitamist tasulisel õppekohal | AB38: eesti keel | AC38: 0.2 | AD38: Jah | AE38: liikumispuue | AF38: NULL | AG38: 184 | AH38: 33 | AI38: 4.9 | AJ38: 4.0 | AK38: 5.0 | AL38: 4.9 | AM38: 3 | AN38: 2 | AO38: 17 | AP38: 2 | AQ38: 48 | AR38: 9 | AS38: Kasin | AT38: õppeaine38 | AU38: õppeaine38 | AV38: 44967 | AW38: 4 | AX38: =VLOOKUP(dummy_data!$AU38,dummy_oppeained!B:C,2,0) -> 9 | AY38: =VLOOKUP(AT38,dummy_oppeained!B:D,3,0) -> eristav | AZ38: =VLOOKUP(AS:AS,hinded_abi!B:D,3,0) -> 1 | BA38: =IF(AY38="eristav",AX38*AZ38," ") -> 9 | BB38: =IF(AY38="eristav",AX38,0) -> 9 | BC38: =_xlfn.CONCAT(A38,"_",E38,"_",AT38,"_",AV38) -> S00002_53609056192_õppeaine38_44967 | BD38: =COUNTIF($BC$2:BC38, BC38) -> 1
A39: S00002 | B39: Anna | C39: Pärn | D39: Anna Pärn | E39: 53609056192 | F39: Naine | G39: 412 kutseõpe keskhariduse baasil | H39: Jah | I39: Ei | J39: Jah | K39: 44440 | L39: NULL | M39: 44504 | N39: Tugimeetmete rakendamine | O39: NULL | P39: 21sügis_TT | Q39: Akadeemilisel | R39: 44123 | S39: Päevaõpe | T39: Täiskoormus | U39: Tervishariduse keskus | V39: Tegevusterapeut | W39: 3311 | X39: 514 rakenduskõrgharidusõpe | Y39: NULL | Z39: 1 | AA39: Üliõpilaselt nõutakse õppekulude hüvitamist tasulisel õppekohal | AB39: eesti keel | AC39: 0.2 | AD39: Jah | AE39: liikumispuue | AF39: NULL | AG39: 184 | AH39: 33 | AI39: 4.9 | AJ39: 4.0 | AK39: 5.0 | AL39: 4.9 | AM39: 3 | AN39: 2 | AO39: 17 | AP39: 2 | AQ39: 48 | AR39: 9 | AS39: Väga hea | AT39: õppeaine56 | AU39: õppeaine56 | AV39: 44237 | AW39: 4 | AX39: =VLOOKUP(dummy_data!$AU39,dummy_oppeained!B:C,2,0) -> 6 | AY39: =VLOOKUP(AT39,dummy_oppeained!B:D,3,0) -> eristav | AZ39: =VLOOKUP(AS:AS,hinded_abi!B:D,3,0) -> 4 | BA39: =IF(AY39="eristav",AX39*AZ39," ") -> 24 | BB39: =IF(AY39="eristav",AX39,0) -> 6 | BC39: =_xlfn.CONCAT(A39,"_",E39,"_",AT39,"_",AV39) -> S00002_53609056192_õppeaine56_44237 | BD39: =COUNTIF($BC$2:BC39, BC39) -> 1
... A64: S00002 | B64: Anna | C64: Pärn | D64: Anna Pärn | E64: 53609056192 | F64: Naine | G64: 412 kutseõpe keskhariduse baasil | H64: Jah | I64: Ei | J64: Jah | K64: 44440 | L64: NULL | M64: 44504 | N64: Tugimeetmete rakendamine | O64: NULL | P64: 21sügis_TT | Q64: Akadeemilisel | R64: 44123 | S64: Päevaõpe | T64: Täiskoormus | U64: Tervishariduse keskus | V64: Tegevusterapeut | W64: 3311 | X64: 514 rakenduskõrgharidusõpe | Y64: NULL | Z64: 4 | AA64: Üliõpilaselt nõutakse õppekulude hüvitamist tasulisel õppekohal | AB64: eesti keel | AC64: 0.2 | AD64: Jah | AE64: liikumispuue | AF64: NULL | AG64: 184 | AH64: 34 | AI64: 4.9 | AJ64: 3.9 | AK64: 5.0 | AL64: 3.7 | AM64: 3 | AN64: 1 | AO64: 17 | AP64: 9 | AQ64: 42 | AR64: 9 | AS64: Suurepärane | AT64: õppeaine70 | AU64: õppeaine70 | AV64: 45698 | AW64: 4 | AX64: =VLOOKUP(dummy_data!$AU64,dummy_oppeained!B:C,2,0) -> 6 | AY64: =VLOOKUP(AT64,dummy_oppeained!B:D,3,0) -> eristav | AZ64: =VLOOKUP(AS:AS,hinded_abi!B:D,3,0) -> 5 | BA64: =IF(AY64="eristav",AX64*AZ64," ") -> 30 | BB64: =IF(AY64="eristav",AX64,0) -> 6 | BC64: =_xlfn.CONCAT(A64,"_",E64,"_",AT64,"_",AV64) -> S00002_53609056192_õppeaine70_45698 | BD64: =COUNTIF($BC$2:BC64, BC64) -> 1
A65: S00003 | B65: Anna | C65: Mägi | D65: Anna Mägi | E65: 53105112627 | F65: Naine | G65: 411 kutsekeskharidusõpe | H65: Jah | I65: Ei | J65: Jah | K65: 44440 | L65: 45711 | M65: 44655 | N65: Eksmatrikuleerimine | O65: Õppetööle mitteilmumine | P65: 21sügis_HT | Q65: Katkestanud | R65: 45354 | S65: Päevaõpe | T65: Osakoormus | U65: Meditsiinitehnilise hariduse keskus | V65: Hambatehnik | W65: 80166 | X65: 514 rakenduskõrgharidusõpe | Y65: NULL | Z65: 1 | AA65: Üliõpilane ei hüvita õppekulusid: õpib täies mahus eestikeelsel õppekaval | AB65: eesti keel | AC65: 0.8 | AD65: Ei | AE65: NULL | AF65: ABC OÜ | AG65: 178 | AH65: 55 | AI65: 3.9 | AJ65: 4.4 | AK65: 4.2 | AL65: 3.9 | AM65: 5 | AN65: 2 | AO65: 2 | AP65: 5 | AQ65: 45 | AR65: 10 | AS65: Arvestatud | AT65: õppeaine90 | AU65: õppeaine90 | AV65: 44237 | AW65: 3.5 | AX65: =VLOOKUP(dummy_data!$AU65,dummy_oppeained!B:C,2,0) -> 3 | AY65: =VLOOKUP(AT65,dummy_oppeained!B:D,3,0) -> mitteeristav | AZ65: =VLOOKUP(AS:AS,hinded_abi!B:D,3,0) -> NULL | BA65: =IF(AY65="eristav",AX65*AZ65," ") | BB65: =IF(AY65="eristav",AX65,0) -> 0 | BC65: =_xlfn.CONCAT(A65,"_",E65,"_",AT65,"_",AV65) -> S00003_53105112627_õppeaine90_44237 | BD65: =COUNTIF($BC$2:BC65, BC65) -> 1
A66: S00003 | B66: Anna | C66: Mägi | D66: Anna Mägi | E66: 53105112627 | F66: Naine | G66: 411 kutsekeskharidusõpe | H66: Jah | I66: Ei | J66: Jah | K66: 44440 | L66: 45711 | M66: 44655 | N66: Eksmatrikuleerimine | O66: Õppetööle mitteilmumine | P66: 21sügis_HT | Q66: Katkestanud | R66: 45354 | S66: Päevaõpe | T66: Osakoormus | U66: Meditsiinitehnilise hariduse keskus | V66: Hambatehnik | W66: 80166 | X66: 514 rakenduskõrgharidusõpe | Y66: NULL | Z66: 1 | AA66: Üliõpilane ei hüvita õppekulusid: õpib täies mahus eestikeelsel õppekaval | AB66: eesti keel | AC66: 0.8 | AD66: Ei | AE66: NULL | AF66: ABC OÜ | AG66: 178 | AH66: 55 | AI66: 3.9 | AJ66: 4.4 | AK66: 4.2 | AL66: 3.9 | AM66: 5 | AN66: 2 | AO66: 2 | AP66: 5 | AQ66: 45 | AR66: 10 | AS66: Kasin | AT66: õppeaine97 | AU66: õppeaine97 | AV66: 45698 | AW66: 3.5 | AX66: =VLOOKUP(dummy_data!$AU66,dummy_oppeained!B:C,2,0) -> 6 | AY66: =VLOOKUP(AT66,dummy_oppeained!B:D,3,0) -> eristav | AZ66: =VLOOKUP(AS:AS,hinded_abi!B:D,3,0) -> 1 | BA66: =IF(AY66="eristav",AX66*AZ66," ") -> 6 | BB66: =IF(AY66="eristav",AX66,0) -> 6 | BC66: =_xlfn.CONCAT(A66,"_",E66,"_",AT66,"_",AV66) -> S00003_53105112627_õppeaine97_45698 | BD66: =COUNTIF($BC$2:BC66, BC66) -> 1
A67: S00003 | B67: Anna | C67: Mägi | D67: Anna Mägi | E67: 53105112627 | F67: Naine | G67: 411 kutsekeskharidusõpe | H67: Jah | I67: Ei | J67: Jah | K67: 44440 | L67: 45711 | M67: 44655 | N67: Eksmatrikuleerimine | O67: Õppetööle mitteilmumine | P67: 21sügis_HT | Q67: Katkestanud | R67: 45354 | S67: Päevaõpe | T67: Osakoormus | U67: Meditsiinitehnilise hariduse keskus | V67: Hambatehnik | W67: 80166 | X67: 514 rakenduskõrgharidusõpe | Y67: NULL | Z67: 1 | AA67: Üliõpilane ei hüvita õppekulusid: õpib täies mahus eestikeelsel õppekaval | AB67: eesti keel | AC67: 0.8 | AD67: Ei | AE67: NULL | AF67: ABC OÜ | AG67: 178 | AH67: 55 | AI67: 3.9 | AJ67: 4.4 | AK67: 4.2 | AL67: 3.9 | AM67: 5 | AN67: 2 | AO67: 2 | AP67: 5 | AQ67: 45 | AR67: 10 | AS67: Kasin | AT67: õppeaine65 | AU67: õppeaine65 | AV67: 45179 | AW67: 3.5 | AX67: =VLOOKUP(dummy_data!$AU67,dummy_oppeained!B:C,2,0) -> 8 | AY67: =VLOOKUP(AT67,dummy_oppeained!B:D,3,0) -> eristav | AZ67: =VLOOKUP(AS:AS,hinded_abi!B:D,3,0) -> 1 | BA67: =IF(AY67="eristav",AX67*AZ67," ") -> 8 | BB67: =IF(AY67="eristav",AX67,0) -> 8 | BC67: =_xlfn.CONCAT(A67,"_",E67,"_",AT67,"_",AV67) -> S00003_53105112627_õppeaine65_45179 | BD67: =COUNTIF($BC$2:BC67, BC67) -> 1
A68: S00003 | B68: Anna | C68: Mägi | D68: Anna Mägi | E68: 53105112627 | F68: Naine | G68: 411 kutsekeskharidusõpe | H68: Jah | I68: Ei | J68: Jah | K68: 44440 | L68: 45711 | M68: 44655 | N68: Eksmatrikuleerimine | O68: Õppetööle mitteilmumine | P68: 21sügis_HT | Q68: Katkestanud | R68: 45354 | S68: Päevaõpe | T68: Osakoormus | U68: Meditsiinitehnilise hariduse keskus | V68: Hambatehnik | W68: 80166 | X68: 514 rakenduskõrgharidusõpe | Y68: NULL | Z68: 1 | AA68: Üliõpilane ei hüvita õppekulusid: õpib täies mahus eestikeelsel õppekaval | AB68: eesti keel | AC68: 0.8 | AD68: Ei | AE68: NULL | AF68: ABC OÜ | AG68: 178 | AH68: 55 | AI68: 3.9 | AJ68: 4.4 | AK68: 4.2 | AL68: 3.9 | AM68: 5 | AN68: 2 | AO68: 2 | AP68: 5 | AQ68: 45 | AR68: 10 | AS68: Rahuldav | AT68: õppeaine96 | AU68: õppeaine96 | AV68: 45332 | AW68: 3.5 | AX68: =VLOOKUP(dummy_data!$AU68,dummy_oppeained!B:C,2,0) -> 5 | AY68: =VLOOKUP(AT68,dummy_oppeained!B:D,3,0) -> eristav | AZ68: =VLOOKUP(AS:AS,hinded_abi!B:D,3,0) -> 2 | BA68: =IF(AY68="eristav",AX68*AZ68," ") -> 10 | BB68: =IF(AY68="eristav",AX68,0) -> 5 | BC68: =_xlfn.CONCAT(A68,"_",E68,"_",AT68,"_",AV68) -> S00003_53105112627_õppeaine96_45332 | BD68: =COUNTIF($BC$2:BC68, BC68) -> 1
A69: S00003 | B69: Anna | C69: Mägi | D69: Anna Mägi | E69: 53105112627 | F69: Naine | G69: 411 kutsekeskharidusõpe | H69: Jah | I69: Ei | J69: Jah | K69: 44440 | L69: 45711 | M69: 44655 | N69: Eksmatrikuleerimine | O69: Õppetööle mitteilmumine | P69: 21sügis_HT | Q69: Katkestanud | R69: 45354 | S69: Päevaõpe | T69: Osakoormus | U69: Meditsiinitehnilise hariduse keskus | V69: Hambatehnik | W69: 80166 | X69: 514 rakenduskõrgharidusõpe | Y69: NULL | Z69: 1 | AA69: Üliõpilane ei hüvita õppekulusid: õpib täies mahus eestikeelsel õppekaval | AB69: eesti keel | AC69: 0.8 | AD69: Ei | AE69: NULL | AF69: ABC OÜ | AG69: 178 | AH69: 55 | AI69: 3.9 | AJ69: 4.4 | AK69: 4.2 | AL69: 3.9 | AM69: 5 | AN69: 2 | AO69: 2 | AP69: 5 | AQ69: 45 | AR69: 10 | AS69: Arvestatud | AT69: õppeaine85 | AU69: õppeaine85 | AV69: 44237 | AW69: 3.5 | AX69: =VLOOKUP(dummy_data!$AU69,dummy_oppeained!B:C,2,0) -> 3 | AY69: =VLOOKUP(AT69,dummy_oppeained!B:D,3,0) -> mitteeristav | AZ69: =VLOOKUP(AS:AS,hinded_abi!B:D,3,0) -> NULL | BA69: =IF(AY69="eristav",AX69*AZ69," ") | BB69: =IF(AY69="eristav",AX69,0) -> 0 | BC69: =_xlfn.CONCAT(A69,"_",E69,"_",AT69,"_",AV69) -> S00003_53105112627_õppeaine85_44237 | BD69: =COUNTIF($BC$2:BC69, BC69) -> 1
A70: S00003 | B70: Anna | C70: Mägi | D70: Anna Mägi | E70: 53105112627 | F70: Naine | G70: 411 kutsekeskharidusõpe | H70: Jah | I70: Ei | J70: Jah | K70: 44440 | L70: 45711 | M70: 44655 | N70: Eksmatrikuleerimine | O70: Õppetööle mitteilmumine | P70: 21sügis_HT | Q70: Katkestanud | R70: 45354 | S70: Päevaõpe | T70: Osakoormus | U70: Meditsiinitehnilise hariduse keskus | V70: Hambatehnik | W70: 80166 | X70: 514 rakenduskõrgharidusõpe | Y70: NULL | Z70: 2 | AA70: Üliõpilane ei hüvita õppekulusid: õpib täies mahus eestikeelsel õppekaval | AB70: eesti keel | AC70: 0.2 | AD70: Ei | AE70: NULL | AF70: ABC OÜ | AG70: 178 | AH70: 29 | AI70: 3.9 | AJ70: 3.8 | AK70: 4.2 | AL70: 3.7 | AM70: 5 | AN70: 2 | AO70: 2 | AP70: 2 | AQ70: 56 | AR70: 10 | AS70: Suurepärane | AT70: õppeaine54 | AU70: õppeaine54 | AV70: 44084 | AW70: 3.5 | AX70: =VLOOKUP(dummy_data!$AU70,dummy_oppeained!B:C,2,0) -> 5 | AY70: =VLOOKUP(AT70,dummy_oppeained!B:D,3,0) -> eristav | AZ70: =VLOOKUP(AS:AS,hinded_abi!B:D,3,0) -> 5 | BA70: =IF(AY70="eristav",AX70*AZ70," ") -> 25 | BB70: =IF(AY70="eristav",AX70,0) -> 5 | BC70: =_xlfn.CONCAT(A70,"_",E70,"_",AT70,"_",AV70) -> S00003_53105112627_õppeaine54_44084 | BD70: =COUNTIF($BC$2:BC70, BC70) -> 1
A71: S00003 | B71: Anna | C71: Mägi | D71: Anna Mägi | E71: 53105112627 | F71: Naine | G71: 411 kutsekeskharidusõpe | H71: Jah | I71: Ei | J71: Jah | K71: 44440 | L71: 45711 | M71: 44655 | N71: Eksmatrikuleerimine | O71: Õppetööle mitteilmumine | P71: 21sügis_HT | Q71: Katkestanud | R71: 45354 | S71: Päevaõpe | T71: Osakoormus | U71: Meditsiinitehnilise hariduse keskus | V71: Hambatehnik | W71: 80166 | X71: 514 rakenduskõrgharidusõpe | Y71: NULL | Z71: 2 | AA71: Üliõpilane ei hüvita õppekulusid: õpib täies mahus eestikeelsel õppekaval | AB71: eesti keel | AC71: 0.2 | AD71: Ei | AE71: NULL | AF71: ABC OÜ | AG71: 178 | AH71: 29 | AI71: 3.9 | AJ71: 3.8 | AK71: 4.2 | AL71: 3.7 | AM71: 5 | AN71: 2 | AO71: 2 | AP71: 2 | AQ71: 56 | AR71: 10 | AS71: Hea | AT71: õppeaine26 | AU71: õppeaine26 | AV71: 45545 | AW71: 3.5 | AX71: =VLOOKUP(dummy_data!$AU71,dummy_oppeained!B:C,2,0) -> 5 | AY71: =VLOOKUP(AT71,dummy_oppeained!B:D,3,0) -> eristav | AZ71: =VLOOKUP(AS:AS,hinded_abi!B:D,3,0) -> 3 | BA71: =IF(AY71="eristav",AX71*AZ71," ") -> 15 | BB71: =IF(AY71="eristav",AX71,0) -> 5 | BC71: =_xlfn.CONCAT(A71,"_",E71,"_",AT71,"_",AV71) -> S00003_53105112627_õppeaine26_45545 | BD71: =COUNTIF($BC$2:BC71, BC71) -> 1
A72: S00003 | B72: Anna | C72: Mägi | D72: Anna Mägi | E72: 53105112627 | F72: Naine | G72: 411 kutsekeskharidusõpe | H72: Jah | I72: Ei | J72: Jah | K72: 44440 | L72: 45711 | M72: 44655 | N72: Eksmatrikuleerimine | O72: Õppetööle mitteilmumine | P72: 21sügis_HT | Q72: Katkestanud | R72: 45354 | S72: Päevaõpe | T72: Osakoormus | U72: Meditsiinitehnilise hariduse keskus | V72: Hambatehnik | W72: 80166 | X72: 514 rakenduskõrgharidusõpe | Y72: NULL | Z72: 3 | AA72: Üliõpilane ei hüvita õppekulusid: õpib täies mahus eestikeelsel õppekaval | AB72: eesti keel | AC72: 0.5 | AD72: Ei | AE72: NULL | AF72: ABC OÜ | AG72: 178 | AH72: 50 | AI72: 3.9 | AJ72: 4.1 | AK72: 4.2 | AL72: 3.4 | AM72: 5 | AN72: 0 | AO72: 2 | AP72: 8 | AQ72: 24 | AR72: 10 | AS72: Mitteilmunud | AT72: õppeaine87 | AU72: õppeaine87 | AV72: 44449 | AW72: 3.5 | AX72: =VLOOKUP(dummy_data!$AU72,dummy_oppeained!B:C,2,0) -> 3 | AY72: =VLOOKUP(AT72,dummy_oppeained!B:D,3,0) -> mitteeristav | AZ72: =VLOOKUP(AS:AS,hinded_abi!B:D,3,0) -> 0 | BA72: =IF(AY72="eristav",AX72*AZ72," ") | BB72: =IF(AY72="eristav",AX72,0) -> 0 | BC72: =_xlfn.CONCAT(A72,"_",E72,"_",AT72,"_",AV72) -> S00003_53105112627_õppeaine87_44449 | BD72: =COUNTIF($BC$2:BC72, BC72) -> 1
A73: S00003 | B73: Anna | C73: Mägi | D73: Anna Mägi | E73: 53105112627 | F73: Naine | G73: 411 kutsekeskharidusõpe | H73: Jah | I73: Ei | J73: Jah | K73: 44440 | L73: 45711 | M73: 44655 | N73: Eksmatrikuleerimine | O73: Õppetööle mitteilmumine | P73: 21sügis_HT | Q73: Katkestanud | R73: 45354 | S73: Päevaõpe | T73: Osakoormus | U73: Meditsiinitehnilise hariduse keskus | V73: Hambatehnik | W73: 80166 | X73: 514 rakenduskõrgharidusõpe | Y73: NULL | Z73: 3 | AA73: Üliõpilane ei hüvita õppekulusid: õpib täies mahus eestikeelsel õppekaval | AB73: eesti keel | AC73: 0.5 | AD73: Ei | AE73: NULL | AF73: ABC OÜ | AG73: 178 | AH73: 50 | AI73: 3.9 | AJ73: 4.1 | AK73: 4.2 | AL73: 3.4 | AM73: 5 | AN73: 0 | AO73: 2 | AP73: 8 | AQ73: 24 | AR73: 10 | AS73: Arvestatud | AT73: õppeaine20 | AU73: õppeaine20 | AV73: 44967 | AW73: 3.5 | AX73: =VLOOKUP(dummy_data!$AU73,dummy_oppeained!B:C,2,0) -> 3 | AY73: =VLOOKUP(AT73,dummy_oppeained!B:D,3,0) -> mitteeristav | AZ73: =VLOOKUP(AS:AS,hinded_abi!B:D,3,0) -> NULL | BA73: =IF(AY73="eristav",AX73*AZ73," ") | BB73: =IF(AY73="eristav",AX73,0) -> 0 | BC73: =_xlfn.CONCAT(A73,"_",E73,"_",AT73,"_",AV73) -> S00003_53105112627_õppeaine20_44967 | BD73: =COUNTIF($BC$2:BC73, BC73) -> 1
A74: S00004 | B74: Laura | C74: Sepp | D74: Laura Sepp | E74: 53312199981 | F74: Naine | G74: 452 Viienda taseme kutseõppe esmaõpe | H74: Ei | I74: Ei | J74: Jah | K74: 44440 | L74: 44351 | M74: 45771 | N74: Eksmatrikuleerimine | O74: Tervislikel põhjustel | P74: 21sügis_Õde | Q74: Katkestanud | R74: 44203 | S74: Päevaõpe | T74: Osakoormus | U74: Õenduse õppetool | V74: Õde | W74: 1467 | X74: 514 rakenduskõrgharidusõpe | Z74: 1 | AA74: SF programmist „PRÕM“ rahastatav õppekoht: õpipoisiõpe | AB74: eesti keel | AC74: 0.7 | AD74: Jah | AE74: liikumispuue | AF74: DEF AS | AG74: 38 | AH74: 26 | AI74: 4.6 | AJ74: 4.5 | AK74: 4.5 | AL74: 4.8 | AM74: 3 | AN74: 1 | AO74: 3 | AP74: 5 | AQ74: 26 | AR74: 8 | AS74: Väga hea | AT74: õppeaine2 | AU74: õppeaine2 | AV74: 45179 | AW74: 3.5 | AX74: =VLOOKUP(dummy_data!$AU74,dummy_oppeained!B:C,2,0) -> 6 | AY74: =VLOOKUP(AT74,dummy_oppeained!B:D,3,0) -> eristav | AZ74: =VLOOKUP(AS:AS,hinded_abi!B:D,3,0) -> 4 | BA74: =IF(AY74="eristav",AX74*AZ74," ") -> 24 | BB74: =IF(AY74="eristav",AX74,0) -> 6 | BC74: =_xlfn.CONCAT(A74,"_",E74,"_",AT74,"_",AV74) -> S00004_53312199981_õppeaine2_45179 | BD74: =COUNTIF($BC$2:BC74, BC74) -> 1
A75: S00004 | B75: Laura | C75: Sepp | D75: Laura Sepp | E75: 53312199981 | F75: Naine | G75: 452 Viienda taseme kutseõppe esmaõpe | H75: Ei | I75: Ei | J75: Jah | K75: 44440 | L75: 44351 | M75: 45771 | N75: Eksmatrikuleerimine | O75: Tervislikel põhjustel | P75: 21sügis_Õde | Q75: Katkestanud | R75: 44203 | S75: Päevaõpe | T75: Osakoormus | U75: Õenduse õppetool | V75: Õde | W75: 1467 | X75: 514 rakenduskõrgharidusõpe | Z75: 1 | AA75: SF programmist „PRÕM“ rahastatav õppekoht: õpipoisiõpe | AB75: eesti keel | AC75: 0.7 | AD75: Jah | AE75: liikumispuue | AF75: DEF AS | AG75: 38 | AH75: 26 | AI75: 4.6 | AJ75: 4.5 | AK75: 4.5 | AL75: 4.8 | AM75: 3 | AN75: 1 | AO75: 3 | AP75: 5 | AQ75: 26 | AR75: 8 | AS75: Arvestatud | AT75: õppeaine57 | AU75: õppeaine57 | AV75: 44602 | AW75: 3.5 | AX75: =VLOOKUP(dummy_data!$AU75,dummy_oppeained!B:C,2,0) -> 3 | AY75: =VLOOKUP(AT75,dummy_oppeained!B:D,3,0) -> mitteeristav | AZ75: =VLOOKUP(AS:AS,hinded_abi!B:D,3,0) -> NULL | BA75: =IF(AY75="eristav",AX75*AZ75," ") | BB75: =IF(AY75="eristav",AX75,0) -> 0 | BC75: =_xlfn.CONCAT(A75,"_",E75,"_",AT75,"_",AV75) -> S00004_53312199981_õppeaine57_44602 | BD75: =COUNTIF($BC$2:BC75, BC75) -> 1
A76: S00004 | B76: Laura | C76: Sepp | D76: Laura Sepp | E76: 53312199981 | F76: Naine | G76: 452 Viienda taseme kutseõppe esmaõpe | H76: Ei | I76: Ei | J76: Jah | K76: 44440 | L76: 44351 | M76: 45771 | N76: Eksmatrikuleerimine | O76: Tervislikel põhjustel | P76: 21sügis_Õde | Q76: Katkestanud | R76: 44203 | S76: Päevaõpe | T76: Osakoormus | U76: Õenduse õppetool | V76: Õde | W76: 1467 | X76: 514 rakenduskõrgharidusõpe | Z76: 1 | AA76: SF programmist „PRÕM“ rahastatav õppekoht: õpipoisiõpe | AB76: eesti keel | AC76: 0.7 | AD76: Jah | AE76: liikumispuue | AF76: DEF AS | AG76: 38 | AH76: 26 | AI76: 4.6 | AJ76: 4.5 | AK76: 4.5 | AL76: 4.8 | AM76: 3 | AN76: 1 | AO76: 3 | AP76: 5 | AQ76: 26 | AR76: 8 | AS76: Arvestatud | AT76: õppeaine35 | AU76: õppeaine35 | AV76: 44237 | AW76: 3.5 | AX76: =VLOOKUP(dummy_data!$AU76,dummy_oppeained!B:C,2,0) -> 3 | AY76: =VLOOKUP(AT76,dummy_oppeained!B:D,3,0) -> mitteeristav | AZ76: =VLOOKUP(AS:AS,hinded_abi!B:D,3,0) -> NULL | BA76: =IF(AY76="eristav",AX76*AZ76," ") | BB76: =IF(AY76="eristav",AX76,0) -> 0 | BC76: =_xlfn.CONCAT(A76,"_",E76,"_",AT76,"_",AV76) -> S00004_53312199981_õppeaine35_44237 | BD76: =COUNTIF($BC$2:BC76, BC76) -> 1
A77: S00004 | B77: Laura | C77: Sepp | D77: Laura Sepp | E77: 53312199981 | F77: Naine | G77: 452 Viienda taseme kutseõppe esmaõpe | H77: Ei | I77: Ei | J77: Jah | K77: 44440 | L77: 44351 | M77: 45771 | N77: Eksmatrikuleerimine | O77: Tervislikel põhjustel | P77: 21sügis_Õde | Q77: Katkestanud | R77: 44203 | S77: Päevaõpe | T77: Osakoormus | U77: Õenduse õppetool | V77: Õde | W77: 1467 | X77: 514 rakenduskõrgharidusõpe | Z77: 2 | AA77: SF programmist „PRÕM“ rahastatav õppekoht: õpipoisiõpe | AB77: eesti keel | AC77: 0.6 | AD77: Jah | AE77: liikumispuue | AF77: DEF AS | AG77: 38 | AH77: 55 | AI77: 4.6 | AJ77: 4.4 | AK77: 4.5 | AL77: 3.1 | AM77: 3 | AN77: 0 | AO77: 3 | AP77: 1 | AQ77: 23 | AR77: 8 | AS77: Arvestatud | AT77: õppeaine6 | AU77: õppeaine6 | AV77: 44814 | AW77: 3.5 | AX77: =VLOOKUP(dummy_data!$AU77,dummy_oppeained!B:C,2,0) -> 3 | AY77: =VLOOKUP(AT77,dummy_oppeained!B:D,3,0) -> mitteeristav | AZ77: =VLOOKUP(AS:AS,hinded_abi!B:D,3,0) -> NULL | BA77: =IF(AY77="eristav",AX77*AZ77," ") | BB77: =IF(AY77="eristav",AX77,0) -> 0 | BC77: =_xlfn.CONCAT(A77,"_",E77,"_",AT77,"_",AV77) -> S00004_53312199981_õppeaine6_44814 | BD77: =COUNTIF($BC$2:BC77, BC77) -> 1
A78: S00004 | B78: Laura | C78: Sepp | D78: Laura Sepp | E78: 53312199981 | F78: Naine | G78: 452 Viienda taseme kutseõppe esmaõpe | H78: Ei | I78: Ei | J78: Jah | K78: 44440 | L78: 44351 | M78: 45771 | N78: Eksmatrikuleerimine | O78: Tervislikel põhjustel | P78: 21sügis_Õde | Q78: Katkestanud | R78: 44203 | S78: Päevaõpe | T78: Osakoormus | U78: Õenduse õppetool | V78: Õde | W78: 1467 | X78: 514 rakenduskõrgharidusõpe | Z78: 2 | AA78: SF programmist „PRÕM“ rahastatav õppekoht: õpipoisiõpe | AB78: eesti keel | AC78: 0.6 | AD78: Jah | AE78: liikumispuue | AF78: DEF AS | AG78: 38 | AH78: 55 | AI78: 4.6 | AJ78: 4.4 | AK78: 4.5 | AL78: 3.1 | AM78: 3 | AN78: 0 | AO78: 3 | AP78: 1 | AQ78: 23 | AR78: 8 | AS78: Arvestatud | AT78: õppeaine31 | AU78: õppeaine31 | AV78: 44449 | AW78: 3.5 | AX78: =VLOOKUP(dummy_data!$AU78,dummy_oppeained!B:C,2,0) -> 3 | AY78: =VLOOKUP(AT78,dummy_oppeained!B:D,3,0) -> mitteeristav | AZ78: =VLOOKUP(AS:AS,hinded_abi!B:D,3,0) -> NULL | BA78: =IF(AY78="eristav",AX78*AZ78," ") | BB78: =IF(AY78="eristav",AX78,0) -> 0 | BC78: =_xlfn.CONCAT(A78,"_",E78,"_",AT78,"_",AV78) -> S00004_53312199981_õppeaine31_44449 | BD78: =COUNTIF($BC$2:BC78, BC78) -> 1
A79: S00004 | B79: Laura | C79: Sepp | D79: Laura Sepp | E79: 53312199981 | F79: Naine | G79: 452 Viienda taseme kutseõppe esmaõpe | H79: Ei | I79: Ei | J79: Jah | K79: 44440 | L79: 44351 | M79: 45771 | N79: Eksmatrikuleerimine | O79: Tervislikel põhjustel | P79: 21sügis_Õde | Q79: Katkestanud | R79: 44203 | S79: Päevaõpe | T79: Osakoormus | U79: Õenduse õppetool | V79: Õde | W79: 1467 | X79: 514 rakenduskõrgharidusõpe | Z79: 2 | AA79: SF programmist „PRÕM“ rahastatav õppekoht: õpipoisiõpe | AB79: eesti keel | AC79: 0.6 | AD79: Jah | AE79: liikumispuue | AF79: DEF AS | AG79: 38 | AH79: 55 | AI79: 4.6 | AJ79: 4.4 | AK79: 4.5 | AL79: 3.1 | AM79: 3 | AN79: 0 | AO79: 3 | AP79: 1 | AQ79: 23 | AR79: 8 | AS79: Rahuldav | AT79: õppeaine54 | AU79: õppeaine54 | AV79: 44237 | AW79: 3.5 | AX79: =VLOOKUP(dummy_data!$AU79,dummy_oppeained!B:C,2,0) -> 5 | AY79: =VLOOKUP(AT79,dummy_oppeained!B:D,3,0) -> eristav | AZ79: =VLOOKUP(AS:AS,hinded_abi!B:D,3,0) -> 2 | BA79: =IF(AY79="eristav",AX79*AZ79," ") -> 10 | BB79: =IF(AY79="eristav",AX79,0) -> 5 | BC79: =_xlfn.CONCAT(A79,"_",E79,"_",AT79,"_",AV79) -> S00004_53312199981_õppeaine54_44237 | BD79: =COUNTIF($BC$2:BC79, BC79) -> 1
A80: S00004 | B80: Laura | C80: Sepp | D80: Laura Sepp | E80: 53312199981 | F80: Naine | G80: 452 Viienda taseme kutseõppe esmaõpe | H80: Ei | I80: Ei | J80: Jah | K80: 44440 | L80: 44351 | M80: 45771 | N80: Eksmatrikuleerimine | O80: Tervislikel põhjustel | P80: 21sügis_Õde | Q80: Katkestanud | R80: 44203 | S80: Päevaõpe | T80: Osakoormus | U80: Õenduse õppetool | V80: Õde | W80: 1467 | X80: 514 rakenduskõrgharidusõpe | Z80: 3 | AA80: SF programmist „PRÕM“ rahastatav õppekoht: õpipoisiõpe | AB80: eesti keel | AC80: 0.3 | AD80: Jah | AE80: liikumispuue | AF80: DEF AS | AG80: 38 | AH80: 59 | AI80: 4.6 | AJ80: 3.7 | AK80: 4.5 | AL80: 5.0 | AM80: 3 | AN80: 3 | AO80: 3 | AP80: 9 | AQ80: 37 | AR80: 8 | AS80: Mitteilmunud | AT80: õppeaine75 | AU80: õppeaine75 | AV80: 45179 | AW80: 3.5 | AX80: =VLOOKUP(dummy_data!$AU80,dummy_oppeained!B:C,2,0) -> 2 | AY80: =VLOOKUP(AT80,dummy_oppeained!B:D,3,0) -> mitteeristav | AZ80: =VLOOKUP(AS:AS,hinded_abi!B:D,3,0) -> 0 | BA80: =IF(AY80="eristav",AX80*AZ80," ") | BB80: =IF(AY80="eristav",AX80,0) -> 0 | BC80: =_xlfn.CONCAT(A80,"_",E80,"_",AT80,"_",AV80) -> S00004_53312199981_õppeaine75_45179 | BD80: =COUNTIF($BC$2:BC80, BC80) -> 1
A81: S00004 | B81: Laura | C81: Sepp | D81: Laura Sepp | E81: 53312199981 | F81: Naine | G81: 452 Viienda taseme kutseõppe esmaõpe | H81: Ei | I81: Ei | J81: Jah | K81: 44440 | L81: 44351 | M81: 45771 | N81: Eksmatrikuleerimine | O81: Tervislikel põhjustel | P81: 21sügis_Õde | Q81: Katkestanud | R81: 44203 | S81: Päevaõpe | T81: Osakoormus | U81: Õenduse õppetool | V81: Õde | W81: 1467 | X81: 514 rakenduskõrgharidusõpe | Z81: 3 | AA81: SF programmist „PRÕM“ rahastatav õppekoht: õpipoisiõpe | AB81: eesti keel | AC81: 0.3 | AD81: Jah | AE81: liikumispuue | AF81: DEF AS | AG81: 38 | AH81: 59 | AI81: 4.6 | AJ81: 3.7 | AK81: 4.5 | AL81: 5.0 | AM81: 3 | AN81: 3 | AO81: 3 | AP81: 9 | AQ81: 37 | AR81: 8 | AS81: Puudulik | AT81: õppeaine66 | AU81: õppeaine66 | AV81: 45179 | AW81: 3.5 | AX81: =VLOOKUP(dummy_data!$AU81,dummy_oppeained!B:C,2,0) -> 9 | AY81: =VLOOKUP(AT81,dummy_oppeained!B:D,3,0) -> eristav | AZ81: =VLOOKUP(AS:AS,hinded_abi!B:D,3,0) -> 0 | BA81: =IF(AY81="eristav",AX81*AZ81," ") -> 0 | BB81: =IF(AY81="eristav",AX81,0) -> 9 | BC81: =_xlfn.CONCAT(A81,"_",E81,"_",AT81,"_",AV81) -> S00004_53312199981_õppeaine66_45179 | BD81: =COUNTIF($BC$2:BC81, BC81) -> 1
A82: S00004 | B82: Laura | C82: Sepp | D82: Laura Sepp | E82: 53312199981 | F82: Naine | G82: 452 Viienda taseme kutseõppe esmaõpe | H82: Ei | I82: Ei | J82: Jah | K82: 44440 | L82: 44351 | M82: 45771 | N82: Eksmatrikuleerimine | O82: Tervislikel põhjustel | P82: 21sügis_Õde | Q82: Katkestanud | R82: 44203 | S82: Päevaõpe | T82: Osakoormus | U82: Õenduse õppetool | V82: Õde | W82: 1467 | X82: 514 rakenduskõrgharidusõpe | Z82: 4 | AA82: SF programmist „PRÕM“ rahastatav õppekoht: õpipoisiõpe | AB82: eesti keel | AC82: 0.6 | AD82: Jah | AE82: liikumispuue | AF82: DEF AS | AG82: 38 | AH82: 42 | AI82: 4.6 | AJ82: 3.4 | AK82: 4.5 | AL82: 4.9 | AM82: 3 | AN82: 2 | AO82: 3 | AP82: 8 | AQ82: 45 | AR82: 8 | AS82: Rahuldav | AT82: õppeaine41 | AU82: õppeaine41 | AV82: 45698 | AW82: 3.5 | AX82: =VLOOKUP(dummy_data!$AU82,dummy_oppeained!B:C,2,0) -> 6 | AY82: =VLOOKUP(AT82,dummy_oppeained!B:D,3,0) -> eristav | AZ82: =VLOOKUP(AS:AS,hinded_abi!B:D,3,0) -> 2 | BA82: =IF(AY82="eristav",AX82*AZ82," ") -> 12 | BB82: =IF(AY82="eristav",AX82,0) -> 6 | BC82: =_xlfn.CONCAT(A82,"_",E82,"_",AT82,"_",AV82) -> S00004_53312199981_õppeaine41_45698 | BD82: =COUNTIF($BC$2:BC82, BC82) -> 1
A83: S00004 | B83: Laura | C83: Sepp | D83: Laura Sepp | E83: 53312199981 | F83: Naine | G83: 452 Viienda taseme kutseõppe esmaõpe | H83: Ei | I83: Ei | J83: Jah | K83: 44440 | L83: 44351 | M83: 45771 | N83: Eksmatrikuleerimine | O83: Tervislikel põhjustel | P83: 21sügis_Õde | Q83: Katkestanud | R83: 44203 | S83: Päevaõpe | T83: Osakoormus | U83: Õenduse õppetool | V83: Õde | W83: 1467 | X83: 514 rakenduskõrgharidusõpe | Z83: 4 | AA83: SF programmist „PRÕM“ rahastatav õppekoht: õpipoisiõpe | AB83: eesti keel | AC83: 0.6 | AD83: Jah | AE83: liikumispuue | AF83: DEF AS | AG83: 38 | AH83: 42 | AI83: 4.6 | AJ83: 3.4 | AK83: 4.5 | AL83: 4.9 | AM83: 3 | AN83: 2 | AO83: 3 | AP83: 8 | AQ83: 45 | AR83: 8 | AS83: Rahuldav | AT83: õppeaine95 | AU83: õppeaine95 | AV83: 45179 | AW83: 3.5 | AX83: =VLOOKUP(dummy_data!$AU83,dummy_oppeained!B:C,2,0) -> 5 | AY83: =VLOOKUP(AT83,dummy_oppeained!B:D,3,0) -> eristav | AZ83: =VLOOKUP(AS:AS,hinded_abi!B:D,3,0) -> 2 | BA83: =IF(AY83="eristav",AX83*AZ83," ") -> 10 | BB83: =IF(AY83="eristav",AX83,0) -> 5 | BC83: =_xlfn.CONCAT(A83,"_",E83,"_",AT83,"_",AV83) -> S00004_53312199981_õppeaine95_45179 | BD83: =COUNTIF($BC$2:BC83, BC83) -> 1
A84: S00004 | B84: Laura | C84: Sepp | D84: Laura Sepp | E84: 53312199981 | F84: Naine | G84: 452 Viienda taseme kutseõppe esmaõpe | H84: Ei | I84: Ei | J84: Jah | K84: 44440 | L84: 44351 | M84: 45771 | N84: Eksmatrikuleerimine | O84: Tervislikel põhjustel | P84: 21sügis_Õde | Q84: Katkestanud | R84: 44203 | S84: Päevaõpe | T84: Osakoormus | U84: Õenduse õppetool | V84: Õde | W84: 1467 | X84: 514 rakenduskõrgharidusõpe | Z84: 4 | AA84: SF programmist „PRÕM“ rahastatav õppekoht: õpipoisiõpe | AB84: eesti keel | AC84: 0.6 | AD84: Jah | AE84: liikumispuue | AF84: DEF AS | AG84: 38 | AH84: 42 | AI84: 4.6 | AJ84: 3.4 | AK84: 4.5 | AL84: 4.9 | AM84: 3 | AN84: 2 | AO84: 3 | AP84: 8 | AQ84: 45 | AR84: 8 | AS84: Puudulik | AT84: õppeaine79 | AU84: õppeaine79 | AV84: 44084 | AW84: 3.5 | AX84: =VLOOKUP(dummy_data!$AU84,dummy_oppeained!B:C,2,0) -> 8 | AY84: =VLOOKUP(AT84,dummy_oppeained!B:D,3,0) -> eristav | AZ84: =VLOOKUP(AS:AS,hinded_abi!B:D,3,0) -> 0 | BA84: =IF(AY84="eristav",AX84*AZ84," ") -> 0 | BB84: =IF(AY84="eristav",AX84,0) -> 8 | BC84: =_xlfn.CONCAT(A84,"_",E84,"_",AT84,"_",AV84) -> S00004_53312199981_õppeaine79_44084 | BD84: =COUNTIF($BC$2:BC84, BC84) -> 1
A85: S00004 | B85: Laura | C85: Sepp | D85: Laura Sepp | E85: 53312199981 | F85: Naine | G85: 452 Viienda taseme kutseõppe esmaõpe | H85: Ei | I85: Ei | J85: Jah | K85: 44440 | L85: 44351 | M85: 45771 | N85: Eksmatrikuleerimine | O85: Tervislikel põhjustel | P85: 21sügis_Õde | Q85: Katkestanud | R85: 44203 | S85: Päevaõpe | T85: Osakoormus | U85: Õenduse õppetool | V85: Õde | W85: 1467 | X85: 514 rakenduskõrgharidusõpe | Z85: 4 | AA85: SF programmist „PRÕM“ rahastatav õppekoht: õpipoisiõpe | AB85: eesti keel | AC85: 0.6 | AD85: Jah | AE85: liikumispuue | AF85: DEF AS | AG85: 38 | AH85: 42 | AI85: 4.6 | AJ85: 3.4 | AK85: 4.5 | AL85: 4.9 | AM85: 3 | AN85: 2 | AO85: 3 | AP85: 8 | AQ85: 45 | AR85: 8 | AS85: Arvestatud | AT85: õppeaine62 | AU85: õppeaine62 | AV85: 44967 | AW85: 3.5 | AX85: =VLOOKUP(dummy_data!$AU85,dummy_oppeained!B:C,2,0) -> 3 | AY85: =VLOOKUP(AT85,dummy_oppeained!B:D,3,0) -> mitteeristav | AZ85: =VLOOKUP(AS:AS,hinded_abi!B:D,3,0) -> NULL | BA85: =IF(AY85="eristav",AX85*AZ85," ") | BB85: =IF(AY85="eristav",AX85,0) -> 0 | BC85: =_xlfn.CONCAT(A85,"_",E85,"_",AT85,"_",AV85) -> S00004_53312199981_õppeaine62_44967 | BD85: =COUNTIF($BC$2:BC85, BC85) -> 1
... A105: S00005 | B105: Anna | C105: Tamm | D105: Anna Tamm | E105: 56108140729 | F105: Naine | G105: 412 kutseõpe keskhariduse baasil | H105: Ei | I105: Jah | J105: Jah | K105: 44440 | L105: 45793 | M105: 44856 | N105: Eksmatrikuleerimine | O105: NULL | P105: 21sügis_Õde | Q105: Katkestanud | R105: 45331 | S105: Päevaõpe | T105: Määramata | U105: Õenduse õppetool | V105: Õde | W105: 1467 | X105: 514 rakenduskõrgharidusõpe | Z105: 4 | AA105: Üliõpilane ei hüvita õppekulusid: õpib täies mahus eestikeelsel õppekaval | AB105: eesti keel | AC105: 0.9 | AD105: Jah | AE105: nägemispuue | AF105: ABC OÜ | AG105: 209 | AH105: 38 | AI105: 4.4 | AJ105: 3.7 | AK105: 3.5 | AL105: 3.7 | AM105: 4 | AN105: 3 | AO105: 11 | AP105: 9 | AQ105: 60 | AR105: 7 | AS105: Rahuldav | AT105: õppeaine92 | AU105: õppeaine92 | AV105: 45332 | AW105: 3.5 | AX105: =VLOOKUP(dummy_data!$AU105,dummy_oppeained!B:C,2,0) -> 6 | AY105: =VLOOKUP(AT105,dummy_oppeained!B:D,3,0) -> eristav | AZ105: =VLOOKUP(AS:AS,hinded_abi!B:D,3,0) -> 2 | BA105: =IF(AY105="eristav",AX105*AZ105," ") -> 12 | BB105: =IF(AY105="eristav",AX105,0) -> 6 | BC105: =_xlfn.CONCAT(A105,"_",E105,"_",AT105,"_",AV105) -> S00005_56108140729_õppeaine92_45332 | BD105: =COUNTIF($BC$2:BC105, BC105) -> 1
A106: S00006 | B106: Kati | C106: Laas | D106: Kati Laas | E106: 44004055865 | F106: Naine | G106: 514 rakenduskõrgharidusõpe | H106: Ei | I106: Ei | J106: Jah | K106: 43862 | L106: 05.05.2025 | M106: 44466 | N106: Finantseerimisallika muutmine | O106: Tervislikel põhjustel | P106: 20kevad_FA | Q106: Lõpetanud | R106: 45899 | S106: Päevaõpe | T106: Osakoormus | U106: Meditsiinitehnilise hariduse keskus | V106: Farmatseut | W106: 1477 | X106: 514 rakenduskõrgharidusõpe | Y106: NULL | Z106: 1 | AA106: Üliõpilaselt nõutakse õppekulude hüvitamist puuduolevate ainepunktide eest | AB106: eesti keel | AC106: 0.6 | AD106: Ei | AE106: NULL | AF106: DEF AS | AG106: 75 | AH106: 56 | AI106: 3.3 | AJ106: 4.0 | AK106: 4.5 | AL106: 4.7 | AM106: 4 | AN106: 1 | AO106: 4 | AP106: 6 | AQ106: 60 | AR106: 2 | AS106: Väga hea | AT106: õppeaine64 | AU106: õppeaine64 | AV106: 45545 | AW106: 3 | AX106: =VLOOKUP(dummy_data!$AU106,dummy_oppeained!B:C,2,0) -> 6 | AY106: =VLOOKUP(AT106,dummy_oppeained!B:D,3,0) -> eristav | AZ106: =VLOOKUP(AS:AS,hinded_abi!B:D,3,0) -> 4 | BA106: =IF(AY106="eristav",AX106*AZ106," ") -> 24 | BB106: =IF(AY106="eristav",AX106,0) -> 6 | BC106: =_xlfn.CONCAT(A106,"_",E106,"_",AT106,"_",AV106) -> S00006_44004055865_õppeaine64_45545 | BD106: =COUNTIF($BC$2:BC106, BC106) -> 1
A107: S00006 | B107: Kati | C107: Laas | D107: Kati Laas | E107: 44004055865 | F107: Naine | G107: 514 rakenduskõrgharidusõpe | H107: Ei | I107: Ei | J107: Jah | K107: 43862 | L107: 05.05.2025 | M107: 44466 | N107: Finantseerimisallika muutmine | O107: Tervislikel põhjustel | P107: 20kevad_FA | Q107: Lõpetanud | R107: 45899 | S107: Päevaõpe | T107: Osakoormus | U107: Meditsiinitehnilise hariduse keskus | V107: Farmatseut | W107: 1477 | X107: 514 rakenduskõrgharidusõpe | Y107: NULL | Z107: 1 | AA107: Üliõpilaselt nõutakse õppekulude hüvitamist puuduolevate ainepunktide eest | AB107: eesti keel | AC107: 0.6 | AD107: Ei | AE107: NULL | AF107: DEF AS | AG107: 75 | AH107: 56 | AI107: 3.3 | AJ107: 4.0 | AK107: 4.5 | AL107: 4.7 | AM107: 4 | AN107: 1 | AO107: 4 | AP107: 6 | AQ107: 60 | AR107: 2 | AS107: Arvestatud | AT107: õppeaine31 | AU107: õppeaine31 | AV107: 45545 | AW107: 3 | AX107: =VLOOKUP(dummy_data!$AU107,dummy_oppeained!B:C,2,0) -> 3 | AY107: =VLOOKUP(AT107,dummy_oppeained!B:D,3,0) -> mitteeristav | AZ107: =VLOOKUP(AS:AS,hinded_abi!B:D,3,0) -> NULL | BA107: =IF(AY107="eristav",AX107*AZ107," ") | BB107: =IF(AY107="eristav",AX107,0) -> 0 | BC107: =_xlfn.CONCAT(A107,"_",E107,"_",AT107,"_",AV107) -> S00006_44004055865_õppeaine31_45545 | BD107: =COUNTIF($BC$2:BC107, BC107) -> 1
A108: S00006 | B108: Kati | C108: Laas | D108: Kati Laas | E108: 44004055865 | F108: Naine | G108: 514 rakenduskõrgharidusõpe | H108: Ei | I108: Ei | J108: Jah | K108: 43862 | L108: 05.05.2025 | M108: 44466 | N108: Finantseerimisallika muutmine | O108: Tervislikel põhjustel | P108: 20kevad_FA | Q108: Lõpetanud | R108: 45899 | S108: Päevaõpe | T108: Osakoormus | U108: Meditsiinitehnilise hariduse keskus | V108: Farmatseut | W108: 1477 | X108: 514 rakenduskõrgharidusõpe | Y108: NULL | Z108: 1 | AA108: Üliõpilaselt nõutakse õppekulude hüvitamist puuduolevate ainepunktide eest | AB108: eesti keel | AC108: 0.6 | AD108: Ei | AE108: NULL | AF108: DEF AS | AG108: 75 | AH108: 56 | AI108: 3.3 | AJ108: 4.0 | AK108: 4.5 | AL108: 4.7 | AM108: 4 | AN108: 1 | AO108: 4 | AP108: 6 | AQ108: 60 | AR108: 2 | AS108: Mitteilmunud | AT108: õppeaine20 | AU108: õppeaine20 | AV108: 45179 | AW108: 3 | AX108: =VLOOKUP(dummy_data!$AU108,dummy_oppeained!B:C,2,0) -> 3 | AY108: =VLOOKUP(AT108,dummy_oppeained!B:D,3,0) -> mitteeristav | AZ108: =VLOOKUP(AS:AS,hinded_abi!B:D,3,0) -> 0 | BA108: =IF(AY108="eristav",AX108*AZ108," ") | BB108: =IF(AY108="eristav",AX108,0) -> 0 | BC108: =_xlfn.CONCAT(A108,"_",E108,"_",AT108,"_",AV108) -> S00006_44004055865_õppeaine20_45179 | BD108: =COUNTIF($BC$2:BC108, BC108) -> 1
A109: S00006 | B109: Kati | C109: Laas | D109: Kati Laas | E109: 44004055865 | F109: Naine | G109: 514 rakenduskõrgharidusõpe | H109: Ei | I109: Ei | J109: Jah | K109: 43862 | L109: 05.05.2025 | M109: 44466 | N109: Finantseerimisallika muutmine | O109: Tervislikel põhjustel | P109: 20kevad_FA | Q109: Lõpetanud | R109: 45899 | S109: Päevaõpe | T109: Osakoormus | U109: Meditsiinitehnilise hariduse keskus | V109: Farmatseut | W109: 1477 | X109: 514 rakenduskõrgharidusõpe | Y109: NULL | Z109: 1 | AA109: Üliõpilaselt nõutakse õppekulude hüvitamist puuduolevate ainepunktide eest | AB109: eesti keel | AC109: 0.6 | AD109: Ei | AE109: NULL | AF109: DEF AS | AG109: 75 | AH109: 56 | AI109: 3.3 | AJ109: 4.0 | AK109: 4.5 | AL109: 4.7 | AM109: 4 | AN109: 1 | AO109: 4 | AP109: 6 | AQ109: 60 | AR109: 2 | AS109: Hea | AT109: õppeaine94 | AU109: õppeaine94 | AV109: 45179 | AW109: 3 | AX109: =VLOOKUP(dummy_data!$AU109,dummy_oppeained!B:C,2,0) -> 9 | AY109: =VLOOKUP(AT109,dummy_oppeained!B:D,3,0) -> eristav | AZ109: =VLOOKUP(AS:AS,hinded_abi!B:D,3,0) -> 3 | BA109: =IF(AY109="eristav",AX109*AZ109," ") -> 27 | BB109: =IF(AY109="eristav",AX109,0) -> 9 | BC109: =_xlfn.CONCAT(A109,"_",E109,"_",AT109,"_",AV109) -> S00006_44004055865_õppeaine94_45179 | BD109: =COUNTIF($BC$2:BC109, BC109) -> 1
A110: S00006 | B110: Kati | C110: Laas | D110: Kati Laas | E110: 44004055865 | F110: Naine | G110: 514 rakenduskõrgharidusõpe | H110: Ei | I110: Ei | J110: Jah | K110: 43862 | L110: 05.05.2025 | M110: 44466 | N110: Finantseerimisallika muutmine | O110: Tervislikel põhjustel | P110: 20kevad_FA | Q110: Lõpetanud | R110: 45899 | S110: Päevaõpe | T110: Osakoormus | U110: Meditsiinitehnilise hariduse keskus | V110: Farmatseut | W110: 1477 | X110: 514 rakenduskõrgharidusõpe | Y110: NULL | Z110: 1 | AA110: Üliõpilaselt nõutakse õppekulude hüvitamist puuduolevate ainepunktide eest | AB110: eesti keel | AC110: 0.6 | AD110: Ei | AE110: NULL | AF110: DEF AS | AG110: 75 | AH110: 56 | AI110: 3.3 | AJ110: 4.0 | AK110: 4.5 | AL110: 4.7 | AM110: 4 | AN110: 1 | AO110: 4 | AP110: 6 | AQ110: 60 | AR110: 2 | AS110: Väga hea | AT110: õppeaine41 | AU110: õppeaine41 | AV110: 45179 | AW110: 3 | AX110: =VLOOKUP(dummy_data!$AU110,dummy_oppeained!B:C,2,0) -> 6 | AY110: =VLOOKUP(AT110,dummy_oppeained!B:D,3,0) -> eristav | AZ110: =VLOOKUP(AS:AS,hinded_abi!B:D,3,0) -> 4 | BA110: =IF(AY110="eristav",AX110*AZ110," ") -> 24 | BB110: =IF(AY110="eristav",AX110,0) -> 6 | BC110: =_xlfn.CONCAT(A110,"_",E110,"_",AT110,"_",AV110) -> S00006_44004055865_õppeaine41_45179 | BD110: =COUNTIF($BC$2:BC110, BC110) -> 1
A111: S00006 | B111: Kati | C111: Laas | D111: Kati Laas | E111: 44004055865 | F111: Naine | G111: 514 rakenduskõrgharidusõpe | H111: Ei | I111: Ei | J111: Jah | K111: 43862 | L111: 05.05.2025 | M111: 44466 | N111: Finantseerimisallika muutmine | O111: Tervislikel põhjustel | P111: 20kevad_FA | Q111: Lõpetanud | R111: 45899 | S111: Päevaõpe | T111: Osakoormus | U111: Meditsiinitehnilise hariduse keskus | V111: Farmatseut | W111: 1477 | X111: 514 rakenduskõrgharidusõpe | Y111: NULL | Z111: 1 | AA111: Üliõpilaselt nõutakse õppekulude hüvitamist puuduolevate ainepunktide eest | AB111: eesti keel | AC111: 0.6 | AD111: Ei | AE111: NULL | AF111: DEF AS | AG111: 75 | AH111: 56 | AI111: 3.3 | AJ111: 4.0 | AK111: 4.5 | AL111: 4.7 | AM111: 4 | AN111: 1 | AO111: 4 | AP111: 6 | AQ111: 60 | AR111: 2 | AS111: Arvestatud | AT111: õppeaine5 | AU111: õppeaine5 | AV111: 44814 | AW111: 3 | AX111: =VLOOKUP(dummy_data!$AU111,dummy_oppeained!B:C,2,0) -> 2 | AY111: =VLOOKUP(AT111,dummy_oppeained!B:D,3,0) -> mitteeristav | AZ111: =VLOOKUP(AS:AS,hinded_abi!B:D,3,0) -> NULL | BA111: =IF(AY111="eristav",AX111*AZ111," ") | BB111: =IF(AY111="eristav",AX111,0) -> 0 | BC111: =_xlfn.CONCAT(A111,"_",E111,"_",AT111,"_",AV111) -> S00006_44004055865_õppeaine5_44814 | BD111: =COUNTIF($BC$2:BC111, BC111) -> 1
A112: S00006 | B112: Kati | C112: Laas | D112: Kati Laas | E112: 44004055865 | F112: Naine | G112: 514 rakenduskõrgharidusõpe | H112: Ei | I112: Ei | J112: Jah | K112: 43862 | L112: 05.05.2025 | M112: 44466 | N112: Finantseerimisallika muutmine | O112: Tervislikel põhjustel | P112: 20kevad_FA | Q112: Lõpetanud | R112: 45899 | S112: Päevaõpe | T112: Osakoormus | U112: Meditsiinitehnilise hariduse keskus | V112: Farmatseut | W112: 1477 | X112: 514 rakenduskõrgharidusõpe | Y112: NULL | Z112: 1 | AA112: Üliõpilaselt nõutakse õppekulude hüvitamist puuduolevate ainepunktide eest | AB112: eesti keel | AC112: 0.6 | AD112: Ei | AE112: NULL | AF112: DEF AS | AG112: 75 | AH112: 56 | AI112: 3.3 | AJ112: 4.0 | AK112: 4.5 | AL112: 4.7 | AM112: 4 | AN112: 1 | AO112: 4 | AP112: 6 | AQ112: 60 | AR112: 2 | AS112: Mitteilmunud | AT112: õppeaine48 | AU112: õppeaine48 | AV112: 45545 | AW112: 3 | AX112: =VLOOKUP(dummy_data!$AU112,dummy_oppeained!B:C,2,0) -> 3 | AY112: =VLOOKUP(AT112,dummy_oppeained!B:D,3,0) -> mitteeristav | AZ112: =VLOOKUP(AS:AS,hinded_abi!B:D,3,0) -> 0 | BA112: =IF(AY112="eristav",AX112*AZ112," ") | BB112: =IF(AY112="eristav",AX112,0) -> 0 | BC112: =_xlfn.CONCAT(A112,"_",E112,"_",AT112,"_",AV112) -> S00006_44004055865_õppeaine48_45545 | BD112: =COUNTIF($BC$2:BC112, BC112) -> 1
A113: S00006 | B113: Kati | C113: Laas | D113: Kati Laas | E113: 44004055865 | F113: Naine | G113: 514 rakenduskõrgharidusõpe | H113: Ei | I113: Ei | J113: Jah | K113: 43862 | L113: 05.05.2025 | M113: 44466 | N113: Finantseerimisallika muutmine | O113: Tervislikel põhjustel | P113: 20kevad_FA | Q113: Lõpetanud | R113: 45899 | S113: Päevaõpe | T113: Osakoormus | U113: Meditsiinitehnilise hariduse keskus | V113: Farmatseut | W113: 1477 | X113: 514 rakenduskõrgharidusõpe | Y113: NULL | Z113: 1 | AA113: Üliõpilaselt nõutakse õppekulude hüvitamist puuduolevate ainepunktide eest | AB113: eesti keel | AC113: 0.6 | AD113: Ei | AE113: NULL | AF113: DEF AS | AG113: 75 | AH113: 56 | AI113: 3.3 | AJ113: 4.0 | AK113: 4.5 | AL113: 4.7 | AM113: 4 | AN113: 1 | AO113: 4 | AP113: 6 | AQ113: 60 | AR113: 2 | AS113: Mitteilmunud | AT113: õppeaine81 | AU113: õppeaine81 | AV113: 45698 | AW113: 3 | AX113: =VLOOKUP(dummy_data!$AU113,dummy_oppeained!B:C,2,0) -> 5 | AY113: =VLOOKUP(AT113,dummy_oppeained!B:D,3,0) -> eristav | AZ113: =VLOOKUP(AS:AS,hinded_abi!B:D,3,0) -> 0 | BA113: =IF(AY113="eristav",AX113*AZ113," ") -> 0 | BB113: =IF(AY113="eristav",AX113,0) -> 5 | BC113: =_xlfn.CONCAT(A113,"_",E113,"_",AT113,"_",AV113) -> S00006_44004055865_õppeaine81_45698 | BD113: =COUNTIF($BC$2:BC113, BC113) -> 1
A114: S00006 | B114: Kati | C114: Laas | D114: Kati Laas | E114: 44004055865 | F114: Naine | G114: 514 rakenduskõrgharidusõpe | H114: Ei | I114: Ei | J114: Jah | K114: 43862 | L114: 05.05.2025 | M114: 44466 | N114: Finantseerimisallika muutmine | O114: Tervislikel põhjustel | P114: 20kevad_FA | Q114: Lõpetanud | R114: 45899 | S114: Päevaõpe | T114: Osakoormus | U114: Meditsiinitehnilise hariduse keskus | V114: Farmatseut | W114: 1477 | X114: 514 rakenduskõrgharidusõpe | Y114: NULL | Z114: 1 | AA114: Üliõpilaselt nõutakse õppekulude hüvitamist puuduolevate ainepunktide eest | AB114: eesti keel | AC114: 0.6 | AD114: Ei | AE114: NULL | AF114: DEF AS | AG114: 75 | AH114: 56 | AI114: 3.3 | AJ114: 4.0 | AK114: 4.5 | AL114: 4.7 | AM114: 4 | AN114: 1 | AO114: 4 | AP114: 6 | AQ114: 60 | AR114: 2 | AS114: Arvestatud | AT114: õppeaine45 | AU114: õppeaine45 | AV114: 44084 | AW114: 3 | AX114: =VLOOKUP(dummy_data!$AU114,dummy_oppeained!B:C,2,0) -> 3 | AY114: =VLOOKUP(AT114,dummy_oppeained!B:D,3,0) -> mitteeristav | AZ114: =VLOOKUP(AS:AS,hinded_abi!B:D,3,0) -> NULL | BA114: =IF(AY114="eristav",AX114*AZ114," ") | BB114: =IF(AY114="eristav",AX114,0) -> 0 | BC114: =_xlfn.CONCAT(A114,"_",E114,"_",AT114,"_",AV114) -> S00006_44004055865_õppeaine45_44084 | BD114: =COUNTIF($BC$2:BC114, BC114) -> 1
A115: S00006 | B115: Kati | C115: Laas | D115: Kati Laas | E115: 44004055865 | F115: Naine | G115: 514 rakenduskõrgharidusõpe | H115: Ei | I115: Ei | J115: Jah | K115: 43862 | L115: 05.05.2025 | M115: 44466 | N115: Finantseerimisallika muutmine | O115: Tervislikel põhjustel | P115: 20kevad_FA | Q115: Lõpetanud | R115: 45899 | S115: Päevaõpe | T115: Osakoormus | U115: Meditsiinitehnilise hariduse keskus | V115: Farmatseut | W115: 1477 | X115: 514 rakenduskõrgharidusõpe | Y115: NULL | Z115: 1 | AA115: Üliõpilaselt nõutakse õppekulude hüvitamist puuduolevate ainepunktide eest | AB115: eesti keel | AC115: 0.6 | AD115: Ei | AE115: NULL | AF115: DEF AS | AG115: 75 | AH115: 56 | AI115: 3.3 | AJ115: 4.0 | AK115: 4.5 | AL115: 4.7 | AM115: 4 | AN115: 1 | AO115: 4 | AP115: 6 | AQ115: 60 | AR115: 2 | AS115: Arvestatud | AT115: õppeaine19 | AU115: õppeaine19 | AV115: 45332 | AW115: 3 | AX115: =VLOOKUP(dummy_data!$AU115,dummy_oppeained!B:C,2,0) -> 2 | AY115: =VLOOKUP(AT115,dummy_oppeained!B:D,3,0) -> mitteeristav | AZ115: =VLOOKUP(AS:AS,hinded_abi!B:D,3,0) -> NULL | BA115: =IF(AY115="eristav",AX115*AZ115," ") | BB115: =IF(AY115="eristav",AX115,0) -> 0 | BC115: =_xlfn.CONCAT(A115,"_",E115,"_",AT115,"_",AV115) -> S00006_44004055865_õppeaine19_45332 | BD115: =COUNTIF($BC$2:BC115, BC115) -> 1
A116: S00006 | B116: Kati | C116: Laas | D116: Kati Laas | E116: 44004055865 | F116: Naine | G116: 514 rakenduskõrgharidusõpe | H116: Ei | I116: Ei | J116: Jah | K116: 43862 | L116: 05.05.2025 | M116: 44466 | N116: Finantseerimisallika muutmine | O116: Tervislikel põhjustel | P116: 20kevad_FA | Q116: Lõpetanud | R116: 45899 | S116: Päevaõpe | T116: Osakoormus | U116: Meditsiinitehnilise hariduse keskus | V116: Farmatseut | W116: 1477 | X116: 514 rakenduskõrgharidusõpe | Y116: NULL | Z116: 1 | AA116: Üliõpilaselt nõutakse õppekulude hüvitamist puuduolevate ainepunktide eest | AB116: eesti keel | AC116: 0.6 | AD116: Ei | AE116: NULL | AF116: DEF AS | AG116: 75 | AH116: 56 | AI116: 3.3 | AJ116: 4.0 | AK116: 4.5 | AL116: 4.7 | AM116: 4 | AN116: 1 | AO116: 4 | AP116: 6 | AQ116: 60 | AR116: 2 | AS116: Rahuldav | AT116: õppeaine70 | AU116: õppeaine70 | AV116: 45698 | AW116: 3 | AX116: =VLOOKUP(dummy_data!$AU116,dummy_oppeained!B:C,2,0) -> 6 | AY116: =VLOOKUP(AT116,dummy_oppeained!B:D,3,0) -> eristav | AZ116: =VLOOKUP(AS:AS,hinded_abi!B:D,3,0) -> 2 | BA116: =IF(AY116="eristav",AX116*AZ116," ") -> 12 | BB116: =IF(AY116="eristav",AX116,0) -> 6 | BC116: =_xlfn.CONCAT(A116,"_",E116,"_",AT116,"_",AV116) -> S00006_44004055865_õppeaine70_45698 | BD116: =COUNTIF($BC$2:BC116, BC116) -> 1
A117: S00006 | B117: Kati | C117: Laas | D117: Kati Laas | E117: 44004055865 | F117: Naine | G117: 514 rakenduskõrgharidusõpe | H117: Ei | I117: Ei | J117: Jah | K117: 43862 | L117: 05.05.2025 | M117: 44466 | N117: Finantseerimisallika muutmine | O117: Tervislikel põhjustel | P117: 20kevad_FA | Q117: Lõpetanud | R117: 45899 | S117: Päevaõpe | T117: Osakoormus | U117: Meditsiinitehnilise hariduse keskus | V117: Farmatseut | W117: 1477 | X117: 514 rakenduskõrgharidusõpe | Y117: NULL | Z117: 1 | AA117: Üliõpilaselt nõutakse õppekulude hüvitamist puuduolevate ainepunktide eest | AB117: eesti keel | AC117: 0.6 | AD117: Ei | AE117: NULL | AF117: DEF AS | AG117: 75 | AH117: 56 | AI117: 3.3 | AJ117: 4.0 | AK117: 4.5 | AL117: 4.7 | AM117: 4 | AN117: 1 | AO117: 4 | AP117: 6 | AQ117: 60 | AR117: 2 | AS117: Arvestatud | AT117: õppeaine7 | AU117: õppeaine7 | AV117: 45910 | AW117: 3 | AX117: =VLOOKUP(dummy_data!$AU117,dummy_oppeained!B:C,2,0) -> 3 | AY117: =VLOOKUP(AT117,dummy_oppeained!B:D,3,0) -> mitteeristav | AZ117: =VLOOKUP(AS:AS,hinded_abi!B:D,3,0) -> NULL | BA117: =IF(AY117="eristav",AX117*AZ117," ") | BB117: =IF(AY117="eristav",AX117,0) -> 0 | BC117: =_xlfn.CONCAT(A117,"_",E117,"_",AT117,"_",AV117) -> S00006_44004055865_õppeaine7_45910 | BD117: =COUNTIF($BC$2:BC117, BC117) -> 1
... A263: S00011 | B263: Andres | C263: Pärn | D263: Andres Pärn | E263: 32310289497 | F263: Mees | G263: 313 põhiharidust eeldav kutse- ja keskharidus | H263: Jah | I263: Jah | J263: Ei | K263: 43862 | L263: 14.01.2023 | M263: 44820 | N263: Akadeemilise puhkuse katkestamine | O263: Omal soovil - muud põhjused | P263: 20kevad_OP | Q263: Lõpetanud | R263: 44672 | S263: Päevaõpe | T263: Määramata | U263: Tervishariduse keskus | V263: Optometrist | W263: 1479 | X263: 514 rakenduskõrgharidusõpe | Y263: NULL | Z263: 4 | AA263: SF programmist „PRÕM“ rahastatav õppekoht: õpipoisiõpe | AB263: eesti keel | AC263: 0.7 | AD263: Ei | AE263: NULL | AF263: ABC OÜ | AG263: 148 | AH263: 38 | AI263: 3.6 | AJ263: 4.9 | AK263: 4.0 | AL263: 4.9 | AM263: 4 | AN263: 3 | AO263: 12 | AP263: 1 | AQ263: 41 | AR263: 3 | AS263: Arvestatud | AT263: õppeaine57 | AU263: õppeaine57 | AV263: 45332 | AW263: 3.5 | AX263: =VLOOKUP(dummy_data!$AU263,dummy_oppeained!B:C,2,0) -> 3 | AY263: =VLOOKUP(AT263,dummy_oppeained!B:D,3,0) -> mitteeristav | AZ263: =VLOOKUP(AS:AS,hinded_abi!B:D,3,0) -> NULL | BA263: =IF(AY263="eristav",AX263*AZ263," ") | BB263: =IF(AY263="eristav",AX263,0) -> 0 | BC263: =_xlfn.CONCAT(A263,"_",E263,"_",AT263,"_",AV263) -> S00011_32310289497_õppeaine57_45332 | BD263: =COUNTIF($BC$2:BC263, BC263) -> 1
A264: S00012 | B264: Mari | C264: Tamm | D264: Mari Tamm | E264: 56611245223 | F264: Naine | G264: 614 magistriõpe (3+2) | H264: Jah | I264: Ei | J264: Jah | K264: 44440 | L264: NULL | M264: 45396 | N264: Akadeemilisele puhkusele lubamine | O264: Lapsehoolduspuhkusel | P264: 21sügis_Õde | Q264: Õpib | R264: 44178 | S264: Päevaõpe | T264: Osakoormus | U264: Õenduse õppetool | V264: Õde | W264: 1467 | X264: 514 rakenduskõrgharidusõpe | Z264: 1 | AA264: Üliõpilaselt nõutakse õppekulude hüvitamist tasulisel õppekohal | AB264: eesti keel | AC264: 0.3 | AD264: Jah | AE264: kirjeldus | AF264: ABC OÜ | AG264: 111 | AH264: 27 | AI264: 4.5 | AJ264: 3.9 | AK264: 5.0 | AL264: 3.9 | AM264: 0 | AN264: 1 | AO264: 18 | AP264: 7 | AQ264: 32 | AR264: 1 | AS264: Hea | AT264: õppeaine38 | AU264: õppeaine38 | AV264: 45179 | AW264: 3.5 | AX264: =VLOOKUP(dummy_data!$AU264,dummy_oppeained!B:C,2,0) -> 9 | AY264: =VLOOKUP(AT264,dummy_oppeained!B:D,3,0) -> eristav | AZ264: =VLOOKUP(AS:AS,hinded_abi!B:D,3,0) -> 3 | BA264: =IF(AY264="eristav",AX264*AZ264," ") -> 27 | BB264: =IF(AY264="eristav",AX264,0) -> 9 | BC264: =_xlfn.CONCAT(A264,"_",E264,"_",AT264,"_",AV264) -> S00012_56611245223_õppeaine38_45179 | BD264: =COUNTIF($BC$2:BC264, BC264) -> 1
A265: S00012 | B265: Mari | C265: Tamm | D265: Mari Tamm | E265: 56611245223 | F265: Naine | G265: 614 magistriõpe (3+2) | H265: Jah | I265: Ei | J265: Jah | K265: 44440 | L265: NULL | M265: 45396 | N265: Akadeemilisele puhkusele lubamine | O265: Lapsehoolduspuhkusel | P265: 21sügis_Õde | Q265: Õpib | R265: 44178 | S265: Päevaõpe | T265: Osakoormus | U265: Õenduse õppetool | V265: Õde | W265: 1467 | X265: 514 rakenduskõrgharidusõpe | Z265: 1 | AA265: Üliõpilaselt nõutakse õppekulude hüvitamist tasulisel õppekohal | AB265: eesti keel | AC265: 0.3 | AD265: Jah | AE265: kirjeldus | AF265: ABC OÜ | AG265: 111 | AH265: 27 | AI265: 4.5 | AJ265: 3.9 | AK265: 5.0 | AL265: 3.9 | AM265: 0 | AN265: 1 | AO265: 18 | AP265: 7 | AQ265: 32 | AR265: 1 | AS265: Arvestatud | AT265: õppeaine76 | AU265: õppeaine76 | AV265: 44449 | AW265: 3.5 | AX265: =VLOOKUP(dummy_data!$AU265,dummy_oppeained!B:C,2,0) -> 3 | AY265: =VLOOKUP(AT265,dummy_oppeained!B:D,3,0) -> mitteeristav | AZ265: =VLOOKUP(AS:AS,hinded_abi!B:D,3,0) -> NULL | BA265: =IF(AY265="eristav",AX265*AZ265," ") | BB265: =IF(AY265="eristav",AX265,0) -> 0 | BC265: =_xlfn.CONCAT(A265,"_",E265,"_",AT265,"_",AV265) -> S00012_56611245223_õppeaine76_44449 | BD265: =COUNTIF($BC$2:BC265, BC265) -> 1
A266: S00012 | B266: Mari | C266: Tamm | D266: Mari Tamm | E266: 56611245223 | F266: Naine | G266: 614 magistriõpe (3+2) | H266: Jah | I266: Ei | J266: Jah | K266: 44440 | L266: NULL | M266: 45396 | N266: Akadeemilisele puhkusele lubamine | O266: Lapsehoolduspuhkusel | P266: 21sügis_Õde | Q266: Õpib | R266: 44178 | S266: Päevaõpe | T266: Osakoormus | U266: Õenduse õppetool | V266: Õde | W266: 1467 | X266: 514 rakenduskõrgharidusõpe | Z266: 1 | AA266: Üliõpilaselt nõutakse õppekulude hüvitamist tasulisel õppekohal | AB266: eesti keel | AC266: 0.3 | AD266: Jah | AE266: kirjeldus | AF266: ABC OÜ | AG266: 111 | AH266: 27 | AI266: 4.5 | AJ266: 3.9 | AK266: 5.0 | AL266: 3.9 | AM266: 0 | AN266: 1 | AO266: 18 | AP266: 7 | AQ266: 32 | AR266: 1 | AS266: Hea | AT266: õppeaine9 | AU266: õppeaine9 | AV266: 44084 | AW266: 3.5 | AX266: =VLOOKUP(dummy_data!$AU266,dummy_oppeained!B:C,2,0) -> 8 | AY266: =VLOOKUP(AT266,dummy_oppeained!B:D,3,0) -> eristav | AZ266: =VLOOKUP(AS:AS,hinded_abi!B:D,3,0) -> 3 | BA266: =IF(AY266="eristav",AX266*AZ266," ") -> 24 | BB266: =IF(AY266="eristav",AX266,0) -> 8 | BC266: =_xlfn.CONCAT(A266,"_",E266,"_",AT266,"_",AV266) -> S00012_56611245223_õppeaine9_44084 | BD266: =COUNTIF($BC$2:BC266, BC266) -> 1
A267: S00012 | B267: Mari | C267: Tamm | D267: Mari Tamm | E267: 56611245223 | F267: Naine | G267: 614 magistriõpe (3+2) | H267: Jah | I267: Ei | J267: Jah | K267: 44440 | L267: NULL | M267: 45396 | N267: Akadeemilisele puhkusele lubamine | O267: Lapsehoolduspuhkusel | P267: 21sügis_Õde | Q267: Õpib | R267: 44178 | S267: Päevaõpe | T267: Osakoormus | U267: Õenduse õppetool | V267: Õde | W267: 1467 | X267: 514 rakenduskõrgharidusõpe | Z267: 1 | AA267: Üliõpilaselt nõutakse õppekulude hüvitamist tasulisel õppekohal | AB267: eesti keel | AC267: 0.3 | AD267: Jah | AE267: kirjeldus | AF267: ABC OÜ | AG267: 111 | AH267: 27 | AI267: 4.5 | AJ267: 3.9 | AK267: 5.0 | AL267: 3.9 | AM267: 0 | AN267: 1 | AO267: 18 | AP267: 7 | AQ267: 32 | AR267: 1 | AS267: Arvestatud | AT267: õppeaine7 | AU267: õppeaine7 | AV267: 45545 | AW267: 3.5 | AX267: =VLOOKUP(dummy_data!$AU267,dummy_oppeained!B:C,2,0) -> 3 | AY267: =VLOOKUP(AT267,dummy_oppeained!B:D,3,0) -> mitteeristav | AZ267: =VLOOKUP(AS:AS,hinded_abi!B:D,3,0) -> NULL | BA267: =IF(AY267="eristav",AX267*AZ267," ") | BB267: =IF(AY267="eristav",AX267,0) -> 0 | BC267: =_xlfn.CONCAT(A267,"_",E267,"_",AT267,"_",AV267) -> S00012_56611245223_õppeaine7_45545 | BD267: =COUNTIF($BC$2:BC267, BC267) -> 1
A268: S00012 | B268: Mari | C268: Tamm | D268: Mari Tamm | E268: 56611245223 | F268: Naine | G268: 614 magistriõpe (3+2) | H268: Jah | I268: Ei | J268: Jah | K268: 44440 | L268: NULL | M268: 45396 | N268: Akadeemilisele puhkusele lubamine | O268: Lapsehoolduspuhkusel | P268: 21sügis_Õde | Q268: Õpib | R268: 44178 | S268: Päevaõpe | T268: Osakoormus | U268: Õenduse õppetool | V268: Õde | W268: 1467 | X268: 514 rakenduskõrgharidusõpe | Z268: 1 | AA268: Üliõpilaselt nõutakse õppekulude hüvitamist tasulisel õppekohal | AB268: eesti keel | AC268: 0.3 | AD268: Jah | AE268: kirjeldus | AF268: ABC OÜ | AG268: 111 | AH268: 27 | AI268: 4.5 | AJ268: 3.9 | AK268: 5.0 | AL268: 3.9 | AM268: 0 | AN268: 1 | AO268: 18 | AP268: 7 | AQ268: 32 | AR268: 1 | AS268: Rahuldav | AT268: õppeaine70 | AU268: õppeaine70 | AV268: 45545 | AW268: 3.5 | AX268: =VLOOKUP(dummy_data!$AU268,dummy_oppeained!B:C,2,0) -> 6 | AY268: =VLOOKUP(AT268,dummy_oppeained!B:D,3,0) -> eristav | AZ268: =VLOOKUP(AS:AS,hinded_abi!B:D,3,0) -> 2 | BA268: =IF(AY268="eristav",AX268*AZ268," ") -> 12 | BB268: =IF(AY268="eristav",AX268,0) -> 6 | BC268: =_xlfn.CONCAT(A268,"_",E268,"_",AT268,"_",AV268) -> S00012_56611245223_õppeaine70_45545 | BD268: =COUNTIF($BC$2:BC268, BC268) -> 1
A269: S00012 | B269: Mari | C269: Tamm | D269: Mari Tamm | E269: 56611245223 | F269: Naine | G269: 614 magistriõpe (3+2) | H269: Jah | I269: Ei | J269: Jah | K269: 44440 | L269: NULL | M269: 45396 | N269: Akadeemilisele puhkusele lubamine | O269: Lapsehoolduspuhkusel | P269: 21sügis_Õde | Q269: Õpib | R269: 44178 | S269: Päevaõpe | T269: Osakoormus | U269: Õenduse õppetool | V269: Õde | W269: 1467 | X269: 514 rakenduskõrgharidusõpe | Z269: 1 | AA269: Üliõpilaselt nõutakse õppekulude hüvitamist tasulisel õppekohal | AB269: eesti keel | AC269: 0.3 | AD269: Jah | AE269: kirjeldus | AF269: ABC OÜ | AG269: 111 | AH269: 27 | AI269: 4.5 | AJ269: 3.9 | AK269: 5.0 | AL269: 3.9 | AM269: 0 | AN269: 1 | AO269: 18 | AP269: 7 | AQ269: 32 | AR269: 1 | AS269: Mittearvestatud | AT269: õppeaine59 | AU269: õppeaine59 | AV269: 45698 | AW269: 3.5 | AX269: =VLOOKUP(dummy_data!$AU269,dummy_oppeained!B:C,2,0) -> 3 | AY269: =VLOOKUP(AT269,dummy_oppeained!B:D,3,0) -> mitteeristav | AZ269: =VLOOKUP(AS:AS,hinded_abi!B:D,3,0) -> NULL | BA269: =IF(AY269="eristav",AX269*AZ269," ") | BB269: =IF(AY269="eristav",AX269,0) -> 0 | BC269: =_xlfn.CONCAT(A269,"_",E269,"_",AT269,"_",AV269) -> S00012_56611245223_õppeaine59_45698 | BD269: =COUNTIF($BC$2:BC269, BC269) -> 1
A270: S00012 | B270: Mari | C270: Tamm | D270: Mari Tamm | E270: 56611245223 | F270: Naine | G270: 614 magistriõpe (3+2) | H270: Jah | I270: Ei | J270: Jah | K270: 44440 | L270: NULL | M270: 45396 | N270: Akadeemilisele puhkusele lubamine | O270: Lapsehoolduspuhkusel | P270: 21sügis_Õde | Q270: Õpib | R270: 44178 | S270: Päevaõpe | T270: Osakoormus | U270: Õenduse õppetool | V270: Õde | W270: 1467 | X270: 514 rakenduskõrgharidusõpe | Z270: 1 | AA270: Üliõpilaselt nõutakse õppekulude hüvitamist tasulisel õppekohal | AB270: eesti keel | AC270: 0.3 | AD270: Jah | AE270: kirjeldus | AF270: ABC OÜ | AG270: 111 | AH270: 27 | AI270: 4.5 | AJ270: 3.9 | AK270: 5.0 | AL270: 3.9 | AM270: 0 | AN270: 1 | AO270: 18 | AP270: 7 | AQ270: 32 | AR270: 1 | AS270: Puudulik | AT270: õppeaine27 | AU270: õppeaine27 | AV270: 45545 | AW270: 3.5 | AX270: =VLOOKUP(dummy_data!$AU270,dummy_oppeained!B:C,2,0) -> 6 | AY270: =VLOOKUP(AT270,dummy_oppeained!B:D,3,0) -> eristav | AZ270: =VLOOKUP(AS:AS,hinded_abi!B:D,3,0) -> 0 | BA270: =IF(AY270="eristav",AX270*AZ270," ") -> 0 | BB270: =IF(AY270="eristav",AX270,0) -> 6 | BC270: =_xlfn.CONCAT(A270,"_",E270,"_",AT270,"_",AV270) -> S00012_56611245223_õppeaine27_45545 | BD270: =COUNTIF($BC$2:BC270, BC270) -> 1
A271: S00012 | B271: Mari | C271: Tamm | D271: Mari Tamm | E271: 56611245223 | F271: Naine | G271: 614 magistriõpe (3+2) | H271: Jah | I271: Ei | J271: Jah | K271: 44440 | L271: NULL | M271: 45396 | N271: Akadeemilisele puhkusele lubamine | O271: Lapsehoolduspuhkusel | P271: 21sügis_Õde | Q271: Õpib | R271: 44178 | S271: Päevaõpe | T271: Osakoormus | U271: Õenduse õppetool | V271: Õde | W271: 1467 | X271: 514 rakenduskõrgharidusõpe | Z271: 1 | AA271: Üliõpilaselt nõutakse õppekulude hüvitamist tasulisel õppekohal | AB271: eesti keel | AC271: 0.3 | AD271: Jah | AE271: kirjeldus | AF271: ABC OÜ | AG271: 111 | AH271: 27 | AI271: 4.5 | AJ271: 3.9 | AK271: 5.0 | AL271: 3.9 | AM271: 0 | AN271: 1 | AO271: 18 | AP271: 7 | AQ271: 32 | AR271: 1 | AS271: Puudulik | AT271: õppeaine98 | AU271: õppeaine98 | AV271: 45179 | AW271: 3.5 | AX271: =VLOOKUP(dummy_data!$AU271,dummy_oppeained!B:C,2,0) -> 6 | AY271: =VLOOKUP(AT271,dummy_oppeained!B:D,3,0) -> eristav | AZ271: =VLOOKUP(AS:AS,hinded_abi!B:D,3,0) -> 0 | BA271: =IF(AY271="eristav",AX271*AZ271," ") -> 0 | BB271: =IF(AY271="eristav",AX271,0) -> 6 | BC271: =_xlfn.CONCAT(A271,"_",E271,"_",AT271,"_",AV271) -> S00012_56611245223_õppeaine98_45179 | BD271: =COUNTIF($BC$2:BC271, BC271) -> 1
A272: S00012 | B272: Mari | C272: Tamm | D272: Mari Tamm | E272: 56611245223 | F272: Naine | G272: 614 magistriõpe (3+2) | H272: Jah | I272: Ei | J272: Jah | K272: 44440 | L272: NULL | M272: 45396 | N272: Akadeemilisele puhkusele lubamine | O272: Lapsehoolduspuhkusel | P272: 21sügis_Õde | Q272: Õpib | R272: 44178 | S272: Päevaõpe | T272: Osakoormus | U272: Õenduse õppetool | V272: Õde | W272: 1467 | X272: 514 rakenduskõrgharidusõpe | Z272: 1 | AA272: Üliõpilaselt nõutakse õppekulude hüvitamist tasulisel õppekohal | AB272: eesti keel | AC272: 0.3 | AD272: Jah | AE272: kirjeldus | AF272: ABC OÜ | AG272: 111 | AH272: 27 | AI272: 4.5 | AJ272: 3.9 | AK272: 5.0 | AL272: 3.9 | AM272: 0 | AN272: 1 | AO272: 18 | AP272: 7 | AQ272: 32 | AR272: 1 | AS272: Rahuldav | AT272: õppeaine94 | AU272: õppeaine94 | AV272: 44814 | AW272: 3.5 | AX272: =VLOOKUP(dummy_data!$AU272,dummy_oppeained!B:C,2,0) -> 9 | AY272: =VLOOKUP(AT272,dummy_oppeained!B:D,3,0) -> eristav | AZ272: =VLOOKUP(AS:AS,hinded_abi!B:D,3,0) -> 2 | BA272: =IF(AY272="eristav",AX272*AZ272," ") -> 18 | BB272: =IF(AY272="eristav",AX272,0) -> 9 | BC272: =_xlfn.CONCAT(A272,"_",E272,"_",AT272,"_",AV272) -> S00012_56611245223_õppeaine94_44814 | BD272: =COUNTIF($BC$2:BC272, BC272) -> 1
A273: S00012 | B273: Mari | C273: Tamm | D273: Mari Tamm | E273: 56611245223 | F273: Naine | G273: 614 magistriõpe (3+2) | H273: Jah | I273: Ei | J273: Jah | K273: 44440 | L273: NULL | M273: 45396 | N273: Akadeemilisele puhkusele lubamine | O273: Lapsehoolduspuhkusel | P273: 21sügis_Õde | Q273: Õpib | R273: 44178 | S273: Päevaõpe | T273: Osakoormus | U273: Õenduse õppetool | V273: Õde | W273: 1467 | X273: 514 rakenduskõrgharidusõpe | Z273: 1 | AA273: Üliõpilaselt nõutakse õppekulude hüvitamist tasulisel õppekohal | AB273: eesti keel | AC273: 0.3 | AD273: Jah | AE273: kirjeldus | AF273: ABC OÜ | AG273: 111 | AH273: 27 | AI273: 4.5 | AJ273: 3.9 | AK273: 5.0 | AL273: 3.9 | AM273: 0 | AN273: 1 | AO273: 18 | AP273: 7 | AQ273: 32 | AR273: 1 | AS273: Mitteilmunud | AT273: õppeaine57 | AU273: õppeaine57 | AV273: 45179 | AW273: 3.5 | AX273: =VLOOKUP(dummy_data!$AU273,dummy_oppeained!B:C,2,0) -> 3 | AY273: =VLOOKUP(AT273,dummy_oppeained!B:D,3,0) -> mitteeristav | AZ273: =VLOOKUP(AS:AS,hinded_abi!B:D,3,0) -> 0 | BA273: =IF(AY273="eristav",AX273*AZ273," ") | BB273: =IF(AY273="eristav",AX273,0) -> 0 | BC273: =_xlfn.CONCAT(A273,"_",E273,"_",AT273,"_",AV273) -> S00012_56611245223_õppeaine57_45179 | BD273: =COUNTIF($BC$2:BC273, BC273) -> 1
A274: S00012 | B274: Mari | C274: Tamm | D274: Mari Tamm | E274: 56611245223 | F274: Naine | G274: 614 magistriõpe (3+2) | H274: Jah | I274: Ei | J274: Jah | K274: 44440 | L274: NULL | M274: 45396 | N274: Akadeemilisele puhkusele lubamine | O274: Lapsehoolduspuhkusel | P274: 21sügis_Õde | Q274: Õpib | R274: 44178 | S274: Päevaõpe | T274: Osakoormus | U274: Õenduse õppetool | V274: Õde | W274: 1467 | X274: 514 rakenduskõrgharidusõpe | Z274: 1 | AA274: Üliõpilaselt nõutakse õppekulude hüvitamist tasulisel õppekohal | AB274: eesti keel | AC274: 0.3 | AD274: Jah | AE274: kirjeldus | AF274: ABC OÜ | AG274: 111 | AH274: 27 | AI274: 4.5 | AJ274: 3.9 | AK274: 5.0 | AL274: 3.9 | AM274: 0 | AN274: 1 | AO274: 18 | AP274: 7 | AQ274: 32 | AR274: 1 | AS274: Puudulik | AT274: õppeaine66 | AU274: õppeaine66 | AV274: 45545 | AW274: 3.5 | AX274: =VLOOKUP(dummy_data!$AU274,dummy_oppeained!B:C,2,0) -> 9 | AY274: =VLOOKUP(AT274,dummy_oppeained!B:D,3,0) -> eristav | AZ274: =VLOOKUP(AS:AS,hinded_abi!B:D,3,0) -> 0 | BA274: =IF(AY274="eristav",AX274*AZ274," ") -> 0 | BB274: =IF(AY274="eristav",AX274,0) -> 9 | BC274: =_xlfn.CONCAT(A274,"_",E274,"_",AT274,"_",AV274) -> S00012_56611245223_õppeaine66_45545 | BD274: =COUNTIF($BC$2:BC274, BC274) -> 1
A275: S00012 | B275: Mari | C275: Tamm | D275: Mari Tamm | E275: 56611245223 | F275: Naine | G275: 614 magistriõpe (3+2) | H275: Jah | I275: Ei | J275: Jah | K275: 44440 | L275: NULL | M275: 45396 | N275: Akadeemilisele puhkusele lubamine | O275: Lapsehoolduspuhkusel | P275: 21sügis_Õde | Q275: Õpib | R275: 44178 | S275: Päevaõpe | T275: Osakoormus | U275: Õenduse õppetool | V275: Õde | W275: 1467 | X275: 514 rakenduskõrgharidusõpe | Z275: 2 | AA275: Üliõpilaselt nõutakse õppekulude hüvitamist tasulisel õppekohal | AB275: eesti keel | AC275: 1.0 | AD275: Jah | AE275: kirjeldus | AF275: ABC OÜ | AG275: 111 | AH275: 47 | AI275: 4.5 | AJ275: 4.0 | AK275: 5.0 | AL275: 3.7 | AM275: 0 | AN275: 3 | AO275: 18 | AP275: 6 | AQ275: 41 | AR275: 1 | AS275: Arvestatud | AT275: õppeaine29 | AU275: õppeaine29 | AV275: 44449 | AW275: 3.5 | AX275: =VLOOKUP(dummy_data!$AU275,dummy_oppeained!B:C,2,0) -> 3 | AY275: =VLOOKUP(AT275,dummy_oppeained!B:D,3,0) -> mitteeristav | AZ275: =VLOOKUP(AS:AS,hinded_abi!B:D,3,0) -> NULL | BA275: =IF(AY275="eristav",AX275*AZ275," ") | BB275: =IF(AY275="eristav",AX275,0) -> 0 | BC275: =_xlfn.CONCAT(A275,"_",E275,"_",AT275,"_",AV275) -> S00012_56611245223_õppeaine29_44449 | BD275: =COUNTIF($BC$2:BC275, BC275) -> 1
... A312: S00013 | B312: Martin | C312: Laas | D312: Martin Laas | E312: 33102222068 | F312: Mees | G312: 442 Neljanda taseme kutseõppe esmaõpe | H312: Ei | I312: Jah | J312: Ei | K312: 44440 | L312: NULL | M312: 45227 | N312: Õppekava vahetamine | O312: Tervislikel põhjustel | P312: 21sügis_Õde | Q312: Välisõppes | R312: 44470 | S312: Päevaõpe | T312: Määramata | U312: Õenduse õppetool | V312: Õde | W312: 1467 | X312: 514 rakenduskõrgharidusõpe | Z312: 4 | AA312: Üliõpilaselt nõutakse õppekulude hüvitamist puuduolevate ainepunktide eest | AB312: eesti keel | AC312: 0.4 | AD312: Jah | AE312: nägemispuue | AF312: ABC OÜ | AG312: 170 | AH312: 59 | AI312: 4.8 | AJ312: 3.9 | AK312: 3.8 | AL312: 4.9 | AM312: 3 | AN312: 3 | AO312: 3 | AP312: 10 | AQ312: 35 | AR312: 0 | AS312: Arvestatud | AT312: õppeaine88 | AU312: õppeaine88 | AV312: 44602 | AW312: 3.5 | AX312: =VLOOKUP(dummy_data!$AU312,dummy_oppeained!B:C,2,0) -> 2 | AY312: =VLOOKUP(AT312,dummy_oppeained!B:D,3,0) -> mitteeristav | AZ312: =VLOOKUP(AS:AS,hinded_abi!B:D,3,0) -> NULL | BA312: =IF(AY312="eristav",AX312*AZ312," ") | BB312: =IF(AY312="eristav",AX312,0) -> 0 | BC312: =_xlfn.CONCAT(A312,"_",E312,"_",AT312,"_",AV312) -> S00013_33102222068_õppeaine88_44602 | BD312: =COUNTIF($BC$2:BC312, BC312) -> 1
A313: S00014 | B313: Mari | C313: Sepp | D313: Mari Sepp | E313: 40308179773 | F313: Naine | G313: 411 kutsekeskharidusõpe | H313: Ei | I313: Jah | J313: Jah | K313: 44440 | L313: NULL | M313: 44600 | N313: Tugimeetmete rakendamise lõpp | O313: Õppetööle mitteilmumine | P313: 21sügis_HT | Q313: Õpib | R313: 45127 | S313: Päevaõpe | T313: Määramata | U313: Meditsiinitehnilise hariduse keskus | V313: Hambatehnik | W313: 80166 | X313: 514 rakenduskõrgharidusõpe | Y313: NULL | Z313: 1 | AA313: Üliõpilane ei hüvita õppekulusid: on alla 7-a lapse või puudega lapse vanem või eestkostja | AB313: eesti keel | AC313: 0.5 | AD313: Jah | AE313: liikumispuue | AF313: DEF AS | AG313: 194 | AH313: 24 | AI313: 3.4 | AJ313: 4.9 | AK313: 3.7 | AL313: 3.8 | AM313: 5 | AN313: 3 | AO313: 4 | AP313: 0 | AQ313: 30 | AR313: 5 | AS313: Mitteilmunud | AT313: õppeaine71 | AU313: õppeaine71 | AV313: 44814 | AW313: 3.5 | AX313: =VLOOKUP(dummy_data!$AU313,dummy_oppeained!B:C,2,0) -> 3 | AY313: =VLOOKUP(AT313,dummy_oppeained!B:D,3,0) -> mitteeristav | AZ313: =VLOOKUP(AS:AS,hinded_abi!B:D,3,0) -> 0 | BA313: =IF(AY313="eristav",AX313*AZ313," ") | BB313: =IF(AY313="eristav",AX313,0) -> 0 | BC313: =_xlfn.CONCAT(A313,"_",E313,"_",AT313,"_",AV313) -> S00014_40308179773_õppeaine71_44814 | BD313: =COUNTIF($BC$2:BC313, BC313) -> 1
A314: S00014 | B314: Mari | C314: Sepp | D314: Mari Sepp | E314: 40308179773 | F314: Naine | G314: 411 kutsekeskharidusõpe | H314: Ei | I314: Jah | J314: Jah | K314: 44440 | L314: NULL | M314: 44600 | N314: Tugimeetmete rakendamise lõpp | O314: Õppetööle mitteilmumine | P314: 21sügis_HT | Q314: Õpib | R314: 45127 | S314: Päevaõpe | T314: Määramata | U314: Meditsiinitehnilise hariduse keskus | V314: Hambatehnik | W314: 80166 | X314: 514 rakenduskõrgharidusõpe | Y314: NULL | Z314: 1 | AA314: Üliõpilane ei hüvita õppekulusid: on alla 7-a lapse või puudega lapse vanem või eestkostja | AB314: eesti keel | AC314: 0.5 | AD314: Jah | AE314: liikumispuue | AF314: DEF AS | AG314: 194 | AH314: 24 | AI314: 3.4 | AJ314: 4.9 | AK314: 3.7 | AL314: 3.8 | AM314: 5 | AN314: 3 | AO314: 4 | AP314: 0 | AQ314: 30 | AR314: 5 | AS314: Mitteilmunud | AT314: õppeaine85 | AU314: õppeaine85 | AV314: 44237 | AW314: 3.5 | AX314: =VLOOKUP(dummy_data!$AU314,dummy_oppeained!B:C,2,0) -> 3 | AY314: =VLOOKUP(AT314,dummy_oppeained!B:D,3,0) -> mitteeristav | AZ314: =VLOOKUP(AS:AS,hinded_abi!B:D,3,0) -> 0 | BA314: =IF(AY314="eristav",AX314*AZ314," ") | BB314: =IF(AY314="eristav",AX314,0) -> 0 | BC314: =_xlfn.CONCAT(A314,"_",E314,"_",AT314,"_",AV314) -> S00014_40308179773_õppeaine85_44237 | BD314: =COUNTIF($BC$2:BC314, BC314) -> 1
A315: S00014 | B315: Mari | C315: Sepp | D315: Mari Sepp | E315: 40308179773 | F315: Naine | G315: 411 kutsekeskharidusõpe | H315: Ei | I315: Jah | J315: Jah | K315: 44440 | L315: NULL | M315: 44600 | N315: Tugimeetmete rakendamise lõpp | O315: Õppetööle mitteilmumine | P315: 21sügis_HT | Q315: Õpib | R315: 45127 | S315: Päevaõpe | T315: Määramata | U315: Meditsiinitehnilise hariduse keskus | V315: Hambatehnik | W315: 80166 | X315: 514 rakenduskõrgharidusõpe | Y315: NULL | Z315: 1 | AA315: Üliõpilane ei hüvita õppekulusid: on alla 7-a lapse või puudega lapse vanem või eestkostja | AB315: eesti keel | AC315: 0.5 | AD315: Jah | AE315: liikumispuue | AF315: DEF AS | AG315: 194 | AH315: 24 | AI315: 3.4 | AJ315: 4.9 | AK315: 3.7 | AL315: 3.8 | AM315: 5 | AN315: 3 | AO315: 4 | AP315: 0 | AQ315: 30 | AR315: 5 | AS315: Suurepärane | AT315: õppeaine51 | AU315: õppeaine51 | AV315: 44449 | AW315: 3.5 | AX315: =VLOOKUP(dummy_data!$AU315,dummy_oppeained!B:C,2,0) -> 8 | AY315: =VLOOKUP(AT315,dummy_oppeained!B:D,3,0) -> eristav | AZ315: =VLOOKUP(AS:AS,hinded_abi!B:D,3,0) -> 5 | BA315: =IF(AY315="eristav",AX315*AZ315," ") -> 40 | BB315: =IF(AY315="eristav",AX315,0) -> 8 | BC315: =_xlfn.CONCAT(A315,"_",E315,"_",AT315,"_",AV315) -> S00014_40308179773_õppeaine51_44449 | BD315: =COUNTIF($BC$2:BC315, BC315) -> 1
A316: S00014 | B316: Mari | C316: Sepp | D316: Mari Sepp | E316: 40308179773 | F316: Naine | G316: 411 kutsekeskharidusõpe | H316: Ei | I316: Jah | J316: Jah | K316: 44440 | L316: NULL | M316: 44600 | N316: Tugimeetmete rakendamise lõpp | O316: Õppetööle mitteilmumine | P316: 21sügis_HT | Q316: Õpib | R316: 45127 | S316: Päevaõpe | T316: Määramata | U316: Meditsiinitehnilise hariduse keskus | V316: Hambatehnik | W316: 80166 | X316: 514 rakenduskõrgharidusõpe | Y316: NULL | Z316: 1 | AA316: Üliõpilane ei hüvita õppekulusid: on alla 7-a lapse või puudega lapse vanem või eestkostja | AB316: eesti keel | AC316: 0.5 | AD316: Jah | AE316: liikumispuue | AF316: DEF AS | AG316: 194 | AH316: 24 | AI316: 3.4 | AJ316: 4.9 | AK316: 3.7 | AL316: 3.8 | AM316: 5 | AN316: 3 | AO316: 4 | AP316: 0 | AQ316: 30 | AR316: 5 | AS316: Kasin | AT316: õppeaine22 | AU316: õppeaine22 | AV316: 44967 | AW316: 3.5 | AX316: =VLOOKUP(dummy_data!$AU316,dummy_oppeained!B:C,2,0) -> 6 | AY316: =VLOOKUP(AT316,dummy_oppeained!B:D,3,0) -> eristav | AZ316: =VLOOKUP(AS:AS,hinded_abi!B:D,3,0) -> 1 | BA316: =IF(AY316="eristav",AX316*AZ316," ") -> 6 | BB316: =IF(AY316="eristav",AX316,0) -> 6 | BC316: =_xlfn.CONCAT(A316,"_",E316,"_",AT316,"_",AV316) -> S00014_40308179773_õppeaine22_44967 | BD316: =COUNTIF($BC$2:BC316, BC316) -> 1
A317: S00014 | B317: Mari | C317: Sepp | D317: Mari Sepp | E317: 40308179773 | F317: Naine | G317: 411 kutsekeskharidusõpe | H317: Ei | I317: Jah | J317: Jah | K317: 44440 | L317: NULL | M317: 44600 | N317: Tugimeetmete rakendamise lõpp | O317: Õppetööle mitteilmumine | P317: 21sügis_HT | Q317: Õpib | R317: 45127 | S317: Päevaõpe | T317: Määramata | U317: Meditsiinitehnilise hariduse keskus | V317: Hambatehnik | W317: 80166 | X317: 514 rakenduskõrgharidusõpe | Y317: NULL | Z317: 1 | AA317: Üliõpilane ei hüvita õppekulusid: on alla 7-a lapse või puudega lapse vanem või eestkostja | AB317: eesti keel | AC317: 0.5 | AD317: Jah | AE317: liikumispuue | AF317: DEF AS | AG317: 194 | AH317: 24 | AI317: 3.4 | AJ317: 4.9 | AK317: 3.7 | AL317: 3.8 | AM317: 5 | AN317: 3 | AO317: 4 | AP317: 0 | AQ317: 30 | AR317: 5 | AS317: Väga hea | AT317: õppeaine53 | AU317: õppeaine53 | AV317: 44449 | AW317: 3.5 | AX317: =VLOOKUP(dummy_data!$AU317,dummy_oppeained!B:C,2,0) -> 5 | AY317: =VLOOKUP(AT317,dummy_oppeained!B:D,3,0) -> eristav | AZ317: =VLOOKUP(AS:AS,hinded_abi!B:D,3,0) -> 4 | BA317: =IF(AY317="eristav",AX317*AZ317," ") -> 20 | BB317: =IF(AY317="eristav",AX317,0) -> 5 | BC317: =_xlfn.CONCAT(A317,"_",E317,"_",AT317,"_",AV317) -> S00014_40308179773_õppeaine53_44449 | BD317: =COUNTIF($BC$2:BC317, BC317) -> 1
A318: S00014 | B318: Mari | C318: Sepp | D318: Mari Sepp | E318: 40308179773 | F318: Naine | G318: 411 kutsekeskharidusõpe | H318: Ei | I318: Jah | J318: Jah | K318: 44440 | L318: NULL | M318: 44600 | N318: Tugimeetmete rakendamise lõpp | O318: Õppetööle mitteilmumine | P318: 21sügis_HT | Q318: Õpib | R318: 45127 | S318: Päevaõpe | T318: Määramata | U318: Meditsiinitehnilise hariduse keskus | V318: Hambatehnik | W318: 80166 | X318: 514 rakenduskõrgharidusõpe | Y318: NULL | Z318: 1 | AA318: Üliõpilane ei hüvita õppekulusid: on alla 7-a lapse või puudega lapse vanem või eestkostja | AB318: eesti keel | AC318: 0.5 | AD318: Jah | AE318: liikumispuue | AF318: DEF AS | AG318: 194 | AH318: 24 | AI318: 3.4 | AJ318: 4.9 | AK318: 3.7 | AL318: 3.8 | AM318: 5 | AN318: 3 | AO318: 4 | AP318: 0 | AQ318: 30 | AR318: 5 | AS318: Arvestatud | AT318: õppeaine3 | AU318: õppeaine3 | AV318: 45698 | AW318: 3.5 | AX318: =VLOOKUP(dummy_data!$AU318,dummy_oppeained!B:C,2,0) -> 3 | AY318: =VLOOKUP(AT318,dummy_oppeained!B:D,3,0) -> mitteeristav | AZ318: =VLOOKUP(AS:AS,hinded_abi!B:D,3,0) -> NULL | BA318: =IF(AY318="eristav",AX318*AZ318," ") | BB318: =IF(AY318="eristav",AX318,0) -> 0 | BC318: =_xlfn.CONCAT(A318,"_",E318,"_",AT318,"_",AV318) -> S00014_40308179773_õppeaine3_45698 | BD318: =COUNTIF($BC$2:BC318, BC318) -> 1
A319: S00014 | B319: Mari | C319: Sepp | D319: Mari Sepp | E319: 40308179773 | F319: Naine | G319: 411 kutsekeskharidusõpe | H319: Ei | I319: Jah | J319: Jah | K319: 44440 | L319: NULL | M319: 44600 | N319: Tugimeetmete rakendamise lõpp | O319: Õppetööle mitteilmumine | P319: 21sügis_HT | Q319: Õpib | R319: 45127 | S319: Päevaõpe | T319: Määramata | U319: Meditsiinitehnilise hariduse keskus | V319: Hambatehnik | W319: 80166 | X319: 514 rakenduskõrgharidusõpe | Y319: NULL | Z319: 2 | AA319: Üliõpilane ei hüvita õppekulusid: on alla 7-a lapse või puudega lapse vanem või eestkostja | AB319: eesti keel | AC319: 0.4 | AD319: Jah | AE319: liikumispuue | AF319: DEF AS | AG319: 194 | AH319: 40 | AI319: 3.4 | AJ319: 4.2 | AK319: 3.7 | AL319: 4.0 | AM319: 5 | AN319: 1 | AO319: 4 | AP319: 4 | AQ319: 55 | AR319: 5 | AS319: Mitteilmunud | AT319: õppeaine90 | AU319: õppeaine90 | AV319: 45545 | AW319: 3.5 | AX319: =VLOOKUP(dummy_data!$AU319,dummy_oppeained!B:C,2,0) -> 3 | AY319: =VLOOKUP(AT319,dummy_oppeained!B:D,3,0) -> mitteeristav | AZ319: =VLOOKUP(AS:AS,hinded_abi!B:D,3,0) -> 0 | BA319: =IF(AY319="eristav",AX319*AZ319," ") | BB319: =IF(AY319="eristav",AX319,0) -> 0 | BC319: =_xlfn.CONCAT(A319,"_",E319,"_",AT319,"_",AV319) -> S00014_40308179773_õppeaine90_45545 | BD319: =COUNTIF($BC$2:BC319, BC319) -> 1
A320: S00014 | B320: Mari | C320: Sepp | D320: Mari Sepp | E320: 40308179773 | F320: Naine | G320: 411 kutsekeskharidusõpe | H320: Ei | I320: Jah | J320: Jah | K320: 44440 | L320: NULL | M320: 44600 | N320: Tugimeetmete rakendamise lõpp | O320: Õppetööle mitteilmumine | P320: 21sügis_HT | Q320: Õpib | R320: 45127 | S320: Päevaõpe | T320: Määramata | U320: Meditsiinitehnilise hariduse keskus | V320: Hambatehnik | W320: 80166 | X320: 514 rakenduskõrgharidusõpe | Y320: NULL | Z320: 2 | AA320: Üliõpilane ei hüvita õppekulusid: on alla 7-a lapse või puudega lapse vanem või eestkostja | AB320: eesti keel | AC320: 0.4 | AD320: Jah | AE320: liikumispuue | AF320: DEF AS | AG320: 194 | AH320: 40 | AI320: 3.4 | AJ320: 4.2 | AK320: 3.7 | AL320: 4.0 | AM320: 5 | AN320: 1 | AO320: 4 | AP320: 4 | AQ320: 55 | AR320: 5 | AS320: Arvestatud | AT320: õppeaine45 | AU320: õppeaine45 | AV320: 45332 | AW320: 3.5 | AX320: =VLOOKUP(dummy_data!$AU320,dummy_oppeained!B:C,2,0) -> 3 | AY320: =VLOOKUP(AT320,dummy_oppeained!B:D,3,0) -> mitteeristav | AZ320: =VLOOKUP(AS:AS,hinded_abi!B:D,3,0) -> NULL | BA320: =IF(AY320="eristav",AX320*AZ320," ") | BB320: =IF(AY320="eristav",AX320,0) -> 0 | BC320: =_xlfn.CONCAT(A320,"_",E320,"_",AT320,"_",AV320) -> S00014_40308179773_õppeaine45_45332 | BD320: =COUNTIF($BC$2:BC320, BC320) -> 1
A321: S00014 | B321: Mari | C321: Sepp | D321: Mari Sepp | E321: 40308179773 | F321: Naine | G321: 411 kutsekeskharidusõpe | H321: Ei | I321: Jah | J321: Jah | K321: 44440 | L321: NULL | M321: 44600 | N321: Tugimeetmete rakendamise lõpp | O321: Õppetööle mitteilmumine | P321: 21sügis_HT | Q321: Õpib | R321: 45127 | S321: Päevaõpe | T321: Määramata | U321: Meditsiinitehnilise hariduse keskus | V321: Hambatehnik | W321: 80166 | X321: 514 rakenduskõrgharidusõpe | Y321: NULL | Z321: 2 | AA321: Üliõpilane ei hüvita õppekulusid: on alla 7-a lapse või puudega lapse vanem või eestkostja | AB321: eesti keel | AC321: 0.4 | AD321: Jah | AE321: liikumispuue | AF321: DEF AS | AG321: 194 | AH321: 40 | AI321: 3.4 | AJ321: 4.2 | AK321: 3.7 | AL321: 4.0 | AM321: 5 | AN321: 1 | AO321: 4 | AP321: 4 | AQ321: 55 | AR321: 5 | AS321: Puudulik | AT321: õppeaine13 | AU321: õppeaine13 | AV321: 44084 | AW321: 3.5 | AX321: =VLOOKUP(dummy_data!$AU321,dummy_oppeained!B:C,2,0) -> 6 | AY321: =VLOOKUP(AT321,dummy_oppeained!B:D,3,0) -> eristav | AZ321: =VLOOKUP(AS:AS,hinded_abi!B:D,3,0) -> 0 | BA321: =IF(AY321="eristav",AX321*AZ321," ") -> 0 | BB321: =IF(AY321="eristav",AX321,0) -> 6 | BC321: =_xlfn.CONCAT(A321,"_",E321,"_",AT321,"_",AV321) -> S00014_40308179773_õppeaine13_44084 | BD321: =COUNTIF($BC$2:BC321, BC321) -> 1
A322: S00014 | B322: Mari | C322: Sepp | D322: Mari Sepp | E322: 40308179773 | F322: Naine | G322: 411 kutsekeskharidusõpe | H322: Ei | I322: Jah | J322: Jah | K322: 44440 | L322: NULL | M322: 44600 | N322: Tugimeetmete rakendamise lõpp | O322: Õppetööle mitteilmumine | P322: 21sügis_HT | Q322: Õpib | R322: 45127 | S322: Päevaõpe | T322: Määramata | U322: Meditsiinitehnilise hariduse keskus | V322: Hambatehnik | W322: 80166 | X322: 514 rakenduskõrgharidusõpe | Y322: NULL | Z322: 2 | AA322: Üliõpilane ei hüvita õppekulusid: on alla 7-a lapse või puudega lapse vanem või eestkostja | AB322: eesti keel | AC322: 0.4 | AD322: Jah | AE322: liikumispuue | AF322: DEF AS | AG322: 194 | AH322: 40 | AI322: 3.4 | AJ322: 4.2 | AK322: 3.7 | AL322: 4.0 | AM322: 5 | AN322: 1 | AO322: 4 | AP322: 4 | AQ322: 55 | AR322: 5 | AS322: Mittearvestatud | AT322: õppeaine99 | AU322: õppeaine99 | AV322: 45545 | AW322: 3.5 | AX322: =VLOOKUP(dummy_data!$AU322,dummy_oppeained!B:C,2,0) -> 3 | AY322: =VLOOKUP(AT322,dummy_oppeained!B:D,3,0) -> mitteeristav | AZ322: =VLOOKUP(AS:AS,hinded_abi!B:D,3,0) -> NULL | BA322: =IF(AY322="eristav",AX322*AZ322," ") | BB322: =IF(AY322="eristav",AX322,0) -> 0 | BC322: =_xlfn.CONCAT(A322,"_",E322,"_",AT322,"_",AV322) -> S00014_40308179773_õppeaine99_45545 | BD322: =COUNTIF($BC$2:BC322, BC322) -> 1
A323: S00014 | B323: Mari | C323: Sepp | D323: Mari Sepp | E323: 40308179773 | F323: Naine | G323: 411 kutsekeskharidusõpe | H323: Ei | I323: Jah | J323: Jah | K323: 44440 | L323: NULL | M323: 44600 | N323: Tugimeetmete rakendamise lõpp | O323: Õppetööle mitteilmumine | P323: 21sügis_HT | Q323: Õpib | R323: 45127 | S323: Päevaõpe | T323: Määramata | U323: Meditsiinitehnilise hariduse keskus | V323: Hambatehnik | W323: 80166 | X323: 514 rakenduskõrgharidusõpe | Y323: NULL | Z323: 2 | AA323: Üliõpilane ei hüvita õppekulusid: on alla 7-a lapse või puudega lapse vanem või eestkostja | AB323: eesti keel | AC323: 0.4 | AD323: Jah | AE323: liikumispuue | AF323: DEF AS | AG323: 194 | AH323: 40 | AI323: 3.4 | AJ323: 4.2 | AK323: 3.7 | AL323: 4.0 | AM323: 5 | AN323: 1 | AO323: 4 | AP323: 4 | AQ323: 55 | AR323: 5 | AS323: Mitteilmunud | AT323: õppeaine98 | AU323: õppeaine98 | AV323: 44449 | AW323: 3.5 | AX323: =VLOOKUP(dummy_data!$AU323,dummy_oppeained!B:C,2,0) -> 6 | AY323: =VLOOKUP(AT323,dummy_oppeained!B:D,3,0) -> eristav | AZ323: =VLOOKUP(AS:AS,hinded_abi!B:D,3,0) -> 0 | BA323: =IF(AY323="eristav",AX323*AZ323," ") -> 0 | BB323: =IF(AY323="eristav",AX323,0) -> 6 | BC323: =_xlfn.CONCAT(A323,"_",E323,"_",AT323,"_",AV323) -> S00014_40308179773_õppeaine98_44449 | BD323: =COUNTIF($BC$2:BC323, BC323) -> 1
A324: S00014 | B324: Mari | C324: Sepp | D324: Mari Sepp | E324: 40308179773 | F324: Naine | G324: 411 kutsekeskharidusõpe | H324: Ei | I324: Jah | J324: Jah | K324: 44440 | L324: NULL | M324: 44600 | N324: Tugimeetmete rakendamise lõpp | O324: Õppetööle mitteilmumine | P324: 21sügis_HT | Q324: Õpib | R324: 45127 | S324: Päevaõpe | T324: Määramata | U324: Meditsiinitehnilise hariduse keskus | V324: Hambatehnik | W324: 80166 | X324: 514 rakenduskõrgharidusõpe | Y324: NULL | Z324: 2 | AA324: Üliõpilane ei hüvita õppekulusid: on alla 7-a lapse või puudega lapse vanem või eestkostja | AB324: eesti keel | AC324: 0.4 | AD324: Jah | AE324: liikumispuue | AF324: DEF AS | AG324: 194 | AH324: 40 | AI324: 3.4 | AJ324: 4.2 | AK324: 3.7 | AL324: 4.0 | AM324: 5 | AN324: 1 | AO324: 4 | AP324: 4 | AQ324: 55 | AR324: 5 | AS324: Arvestatud | AT324: õppeaine7 | AU324: õppeaine7 | AV324: 44814 | AW324: 3.5 | AX324: =VLOOKUP(dummy_data!$AU324,dummy_oppeained!B:C,2,0) -> 3 | AY324: =VLOOKUP(AT324,dummy_oppeained!B:D,3,0) -> mitteeristav | AZ324: =VLOOKUP(AS:AS,hinded_abi!B:D,3,0) -> NULL | BA324: =IF(AY324="eristav",AX324*AZ324," ") | BB324: =IF(AY324="eristav",AX324,0) -> 0 | BC324: =_xlfn.CONCAT(A324,"_",E324,"_",AT324,"_",AV324) -> S00014_40308179773_õppeaine7_44814 | BD324: =COUNTIF($BC$2:BC324, BC324) -> 1
... A374: S00016 | B374: Andres | C374: Sepp | D374: Andres Sepp | E374: 35305272685 | F374: Mees | G374: 412 kutseõpe keskhariduse baasil | H374: Ei | I374: Ei | J374: Ei | K374: 44593 | L374: NULL | M374: 45376 | N374: Käskkirja tühistamine | O374: NULL | P374: 22kevad_Tteadus | Q374: Välisõppes | R374: 45738 | S374: Päevaõpe | T374: Osakoormus | U374: Tervishariduse keskus | V374: Terviseteadus | W374: 194200 | X374: 614 magistriõpe (3+2) | Y374: Intensiivõendus | Z374: 2 | AA374: Üliõpilane ei hüvita õppekulusid: on alla 7-a lapse või puudega lapse vanem või eestkostja | AB374: eesti keel | AC374: 0.2 | AD374: Ei | AE374: NULL | AF374: DEF AS | AG374: 65 | AH374: 51 | AI374: 4.4 | AJ374: 4.1 | AK374: 3.7 | AL374: 3.8 | AM374: 0 | AN374: 1 | AO374: 20 | AP374: 6 | AQ374: 23 | AR374: 9 | AS374: Hea | AT374: õppeaine64 | AU374: õppeaine64 | AV374: 45545 | AW374: 4.5 | AX374: =VLOOKUP(dummy_data!$AU374,dummy_oppeained!B:C,2,0) -> 6 | AY374: =VLOOKUP(AT374,dummy_oppeained!B:D,3,0) -> eristav | AZ374: =VLOOKUP(AS:AS,hinded_abi!B:D,3,0) -> 3 | BA374: =IF(AY374="eristav",AX374*AZ374," ") -> 18 | BB374: =IF(AY374="eristav",AX374,0) -> 6 | BC374: =_xlfn.CONCAT(A374,"_",E374,"_",AT374,"_",AV374) -> S00016_35305272685_õppeaine64_45545 | BD374: =COUNTIF($BC$2:BC374, BC374) -> 1
A375: S00017 | B375: Kati | C375: Pärn | D375: Kati Pärn | E375: 46910220162 | F375: Naine | G375: 412 kutseõpe keskhariduse baasil | H375: Ei | I375: Jah | J375: Jah | K375: 43862 | L375: 45881 | M375: 44174 | N375: Eksmatrikuleerimine | O375: Tervislikel põhjustel | P375: 20kevad_FA | Q375: Katkestanud | R375: 45089 | S375: Päevaõpe | T375: Määramata | U375: Meditsiinitehnilise hariduse keskus | V375: Farmatseut | W375: 1477 | X375: 514 rakenduskõrgharidusõpe | Y375: NULL | Z375: 1 | AA375: Üliõpilane ei hüvita õppekulusid: vabastatud muudel põhjustel | AB375: eesti keel | AC375: 0.6 | AD375: Ei | AE375: NULL | AF375: NULL | AG375: 19 | AH375: 23 | AI375: 3.7 | AJ375: 4.3 | AK375: 4.9 | AL375: 4.4 | AM375: 4 | AN375: 3 | AO375: 5 | AP375: 3 | AQ375: 31 | AR375: 5 | AS375: Arvestatud | AT375: õppeaine59 | AU375: õppeaine59 | AV375: 44602 | AW375: 3 | AX375: =VLOOKUP(dummy_data!$AU375,dummy_oppeained!B:C,2,0) -> 3 | AY375: =VLOOKUP(AT375,dummy_oppeained!B:D,3,0) -> mitteeristav | AZ375: =VLOOKUP(AS:AS,hinded_abi!B:D,3,0) -> NULL | BA375: =IF(AY375="eristav",AX375*AZ375," ") | BB375: =IF(AY375="eristav",AX375,0) -> 0 | BC375: =_xlfn.CONCAT(A375,"_",E375,"_",AT375,"_",AV375) -> S00017_46910220162_õppeaine59_44602 | BD375: =COUNTIF($BC$2:BC375, BC375) -> 1
A376: S00017 | B376: Kati | C376: Pärn | D376: Kati Pärn | E376: 46910220162 | F376: Naine | G376: 412 kutseõpe keskhariduse baasil | H376: Ei | I376: Jah | J376: Jah | K376: 43862 | L376: 45881 | M376: 44174 | N376: Eksmatrikuleerimine | O376: Tervislikel põhjustel | P376: 20kevad_FA | Q376: Katkestanud | R376: 45089 | S376: Päevaõpe | T376: Määramata | U376: Meditsiinitehnilise hariduse keskus | V376: Farmatseut | W376: 1477 | X376: 514 rakenduskõrgharidusõpe | Y376: NULL | Z376: 1 | AA376: Üliõpilane ei hüvita õppekulusid: vabastatud muudel põhjustel | AB376: eesti keel | AC376: 0.6 | AD376: Ei | AE376: NULL | AF376: NULL | AG376: 19 | AH376: 23 | AI376: 3.7 | AJ376: 4.3 | AK376: 4.9 | AL376: 4.4 | AM376: 4 | AN376: 3 | AO376: 5 | AP376: 3 | AQ376: 31 | AR376: 5 | AS376: Hea | AT376: õppeaine52 | AU376: õppeaine52 | AV376: 44237 | AW376: 3 | AX376: =VLOOKUP(dummy_data!$AU376,dummy_oppeained!B:C,2,0) -> 9 | AY376: =VLOOKUP(AT376,dummy_oppeained!B:D,3,0) -> eristav | AZ376: =VLOOKUP(AS:AS,hinded_abi!B:D,3,0) -> 3 | BA376: =IF(AY376="eristav",AX376*AZ376," ") -> 27 | BB376: =IF(AY376="eristav",AX376,0) -> 9 | BC376: =_xlfn.CONCAT(A376,"_",E376,"_",AT376,"_",AV376) -> S00017_46910220162_õppeaine52_44237 | BD376: =COUNTIF($BC$2:BC376, BC376) -> 1
A377: S00017 | B377: Kati | C377: Pärn | D377: Kati Pärn | E377: 46910220162 | F377: Naine | G377: 412 kutseõpe keskhariduse baasil | H377: Ei | I377: Jah | J377: Jah | K377: 43862 | L377: 45881 | M377: 44174 | N377: Eksmatrikuleerimine | O377: Tervislikel põhjustel | P377: 20kevad_FA | Q377: Katkestanud | R377: 45089 | S377: Päevaõpe | T377: Määramata | U377: Meditsiinitehnilise hariduse keskus | V377: Farmatseut | W377: 1477 | X377: 514 rakenduskõrgharidusõpe | Y377: NULL | Z377: 1 | AA377: Üliõpilane ei hüvita õppekulusid: vabastatud muudel põhjustel | AB377: eesti keel | AC377: 0.6 | AD377: Ei | AE377: NULL | AF377: NULL | AG377: 19 | AH377: 23 | AI377: 3.7 | AJ377: 4.3 | AK377: 4.9 | AL377: 4.4 | AM377: 4 | AN377: 3 | AO377: 5 | AP377: 3 | AQ377: 31 | AR377: 5 | AS377: Rahuldav | AT377: õppeaine2 | AU377: õppeaine2 | AV377: 44449 | AW377: 3 | AX377: =VLOOKUP(dummy_data!$AU377,dummy_oppeained!B:C,2,0) -> 6 | AY377: =VLOOKUP(AT377,dummy_oppeained!B:D,3,0) -> eristav | AZ377: =VLOOKUP(AS:AS,hinded_abi!B:D,3,0) -> 2 | BA377: =IF(AY377="eristav",AX377*AZ377," ") -> 12 | BB377: =IF(AY377="eristav",AX377,0) -> 6 | BC377: =_xlfn.CONCAT(A377,"_",E377,"_",AT377,"_",AV377) -> S00017_46910220162_õppeaine2_44449 | BD377: =COUNTIF($BC$2:BC377, BC377) -> 1
A378: S00017 | B378: Kati | C378: Pärn | D378: Kati Pärn | E378: 46910220162 | F378: Naine | G378: 412 kutseõpe keskhariduse baasil | H378: Ei | I378: Jah | J378: Jah | K378: 43862 | L378: 45881 | M378: 44174 | N378: Eksmatrikuleerimine | O378: Tervislikel põhjustel | P378: 20kevad_FA | Q378: Katkestanud | R378: 45089 | S378: Päevaõpe | T378: Määramata | U378: Meditsiinitehnilise hariduse keskus | V378: Farmatseut | W378: 1477 | X378: 514 rakenduskõrgharidusõpe | Y378: NULL | Z378: 1 | AA378: Üliõpilane ei hüvita õppekulusid: vabastatud muudel põhjustel | AB378: eesti keel | AC378: 0.6 | AD378: Ei | AE378: NULL | AF378: NULL | AG378: 19 | AH378: 23 | AI378: 3.7 | AJ378: 4.3 | AK378: 4.9 | AL378: 4.4 | AM378: 4 | AN378: 3 | AO378: 5 | AP378: 3 | AQ378: 31 | AR378: 5 | AS378: Arvestatud | AT378: õppeaine87 | AU378: õppeaine87 | AV378: 45545 | AW378: 3 | AX378: =VLOOKUP(dummy_data!$AU378,dummy_oppeained!B:C,2,0) -> 3 | AY378: =VLOOKUP(AT378,dummy_oppeained!B:D,3,0) -> mitteeristav | AZ378: =VLOOKUP(AS:AS,hinded_abi!B:D,3,0) -> NULL | BA378: =IF(AY378="eristav",AX378*AZ378," ") | BB378: =IF(AY378="eristav",AX378,0) -> 0 | BC378: =_xlfn.CONCAT(A378,"_",E378,"_",AT378,"_",AV378) -> S00017_46910220162_õppeaine87_45545 | BD378: =COUNTIF($BC$2:BC378, BC378) -> 1
A379: S00017 | B379: Kati | C379: Pärn | D379: Kati Pärn | E379: 46910220162 | F379: Naine | G379: 412 kutseõpe keskhariduse baasil | H379: Ei | I379: Jah | J379: Jah | K379: 43862 | L379: 45881 | M379: 44174 | N379: Eksmatrikuleerimine | O379: Tervislikel põhjustel | P379: 20kevad_FA | Q379: Katkestanud | R379: 45089 | S379: Päevaõpe | T379: Määramata | U379: Meditsiinitehnilise hariduse keskus | V379: Farmatseut | W379: 1477 | X379: 514 rakenduskõrgharidusõpe | Y379: NULL | Z379: 1 | AA379: Üliõpilane ei hüvita õppekulusid: vabastatud muudel põhjustel | AB379: eesti keel | AC379: 0.6 | AD379: Ei | AE379: NULL | AF379: NULL | AG379: 19 | AH379: 23 | AI379: 3.7 | AJ379: 4.3 | AK379: 4.9 | AL379: 4.4 | AM379: 4 | AN379: 3 | AO379: 5 | AP379: 3 | AQ379: 31 | AR379: 5 | AS379: Arvestatud | AT379: õppeaine61 | AU379: õppeaine61 | AV379: 45545 | AW379: 3 | AX379: =VLOOKUP(dummy_data!$AU379,dummy_oppeained!B:C,2,0) -> 2 | AY379: =VLOOKUP(AT379,dummy_oppeained!B:D,3,0) -> mitteeristav | AZ379: =VLOOKUP(AS:AS,hinded_abi!B:D,3,0) -> NULL | BA379: =IF(AY379="eristav",AX379*AZ379," ") | BB379: =IF(AY379="eristav",AX379,0) -> 0 | BC379: =_xlfn.CONCAT(A379,"_",E379,"_",AT379,"_",AV379) -> S00017_46910220162_õppeaine61_45545 | BD379: =COUNTIF($BC$2:BC379, BC379) -> 1
A380: S00017 | B380: Kati | C380: Pärn | D380: Kati Pärn | E380: 46910220162 | F380: Naine | G380: 412 kutseõpe keskhariduse baasil | H380: Ei | I380: Jah | J380: Jah | K380: 43862 | L380: 45881 | M380: 44174 | N380: Eksmatrikuleerimine | O380: Tervislikel põhjustel | P380: 20kevad_FA | Q380: Katkestanud | R380: 45089 | S380: Päevaõpe | T380: Määramata | U380: Meditsiinitehnilise hariduse keskus | V380: Farmatseut | W380: 1477 | X380: 514 rakenduskõrgharidusõpe | Y380: NULL | Z380: 1 | AA380: Üliõpilane ei hüvita õppekulusid: vabastatud muudel põhjustel | AB380: eesti keel | AC380: 0.6 | AD380: Ei | AE380: NULL | AF380: NULL | AG380: 19 | AH380: 23 | AI380: 3.7 | AJ380: 4.3 | AK380: 4.9 | AL380: 4.4 | AM380: 4 | AN380: 3 | AO380: 5 | AP380: 3 | AQ380: 31 | AR380: 5 | AS380: Hea | AT380: õppeaine94 | AU380: õppeaine94 | AV380: 44084 | AW380: 3 | AX380: =VLOOKUP(dummy_data!$AU380,dummy_oppeained!B:C,2,0) -> 9 | AY380: =VLOOKUP(AT380,dummy_oppeained!B:D,3,0) -> eristav | AZ380: =VLOOKUP(AS:AS,hinded_abi!B:D,3,0) -> 3 | BA380: =IF(AY380="eristav",AX380*AZ380," ") -> 27 | BB380: =IF(AY380="eristav",AX380,0) -> 9 | BC380: =_xlfn.CONCAT(A380,"_",E380,"_",AT380,"_",AV380) -> S00017_46910220162_õppeaine94_44084 | BD380: =COUNTIF($BC$2:BC380, BC380) -> 1
A381: S00017 | B381: Kati | C381: Pärn | D381: Kati Pärn | E381: 46910220162 | F381: Naine | G381: 412 kutseõpe keskhariduse baasil | H381: Ei | I381: Jah | J381: Jah | K381: 43862 | L381: 45881 | M381: 44174 | N381: Eksmatrikuleerimine | O381: Tervislikel põhjustel | P381: 20kevad_FA | Q381: Katkestanud | R381: 45089 | S381: Päevaõpe | T381: Määramata | U381: Meditsiinitehnilise hariduse keskus | V381: Farmatseut | W381: 1477 | X381: 514 rakenduskõrgharidusõpe | Y381: NULL | Z381: 1 | AA381: Üliõpilane ei hüvita õppekulusid: vabastatud muudel põhjustel | AB381: eesti keel | AC381: 0.6 | AD381: Ei | AE381: NULL | AF381: NULL | AG381: 19 | AH381: 23 | AI381: 3.7 | AJ381: 4.3 | AK381: 4.9 | AL381: 4.4 | AM381: 4 | AN381: 3 | AO381: 5 | AP381: 3 | AQ381: 31 | AR381: 5 | AS381: Hea | AT381: õppeaine79 | AU381: õppeaine79 | AV381: 44967 | AW381: 3 | AX381: =VLOOKUP(dummy_data!$AU381,dummy_oppeained!B:C,2,0) -> 8 | AY381: =VLOOKUP(AT381,dummy_oppeained!B:D,3,0) -> eristav | AZ381: =VLOOKUP(AS:AS,hinded_abi!B:D,3,0) -> 3 | BA381: =IF(AY381="eristav",AX381*AZ381," ") -> 24 | BB381: =IF(AY381="eristav",AX381,0) -> 8 | BC381: =_xlfn.CONCAT(A381,"_",E381,"_",AT381,"_",AV381) -> S00017_46910220162_õppeaine79_44967 | BD381: =COUNTIF($BC$2:BC381, BC381) -> 1
A382: S00017 | B382: Kati | C382: Pärn | D382: Kati Pärn | E382: 46910220162 | F382: Naine | G382: 412 kutseõpe keskhariduse baasil | H382: Ei | I382: Jah | J382: Jah | K382: 43862 | L382: 45881 | M382: 44174 | N382: Eksmatrikuleerimine | O382: Tervislikel põhjustel | P382: 20kevad_FA | Q382: Katkestanud | R382: 45089 | S382: Päevaõpe | T382: Määramata | U382: Meditsiinitehnilise hariduse keskus | V382: Farmatseut | W382: 1477 | X382: 514 rakenduskõrgharidusõpe | Y382: NULL | Z382: 1 | AA382: Üliõpilane ei hüvita õppekulusid: vabastatud muudel põhjustel | AB382: eesti keel | AC382: 0.6 | AD382: Ei | AE382: NULL | AF382: NULL | AG382: 19 | AH382: 23 | AI382: 3.7 | AJ382: 4.3 | AK382: 4.9 | AL382: 4.4 | AM382: 4 | AN382: 3 | AO382: 5 | AP382: 3 | AQ382: 31 | AR382: 5 | AS382: Suurepärane | AT382: õppeaine86 | AU382: õppeaine86 | AV382: 44602 | AW382: 3 | AX382: =VLOOKUP(dummy_data!$AU382,dummy_oppeained!B:C,2,0) -> 6 | AY382: =VLOOKUP(AT382,dummy_oppeained!B:D,3,0) -> eristav | AZ382: =VLOOKUP(AS:AS,hinded_abi!B:D,3,0) -> 5 | BA382: =IF(AY382="eristav",AX382*AZ382," ") -> 30 | BB382: =IF(AY382="eristav",AX382,0) -> 6 | BC382: =_xlfn.CONCAT(A382,"_",E382,"_",AT382,"_",AV382) -> S00017_46910220162_õppeaine86_44602 | BD382: =COUNTIF($BC$2:BC382, BC382) -> 1
A383: S00017 | B383: Kati | C383: Pärn | D383: Kati Pärn | E383: 46910220162 | F383: Naine | G383: 412 kutseõpe keskhariduse baasil | H383: Ei | I383: Jah | J383: Jah | K383: 43862 | L383: 45881 | M383: 44174 | N383: Eksmatrikuleerimine | O383: Tervislikel põhjustel | P383: 20kevad_FA | Q383: Katkestanud | R383: 45089 | S383: Päevaõpe | T383: Määramata | U383: Meditsiinitehnilise hariduse keskus | V383: Farmatseut | W383: 1477 | X383: 514 rakenduskõrgharidusõpe | Y383: NULL | Z383: 1 | AA383: Üliõpilane ei hüvita õppekulusid: vabastatud muudel põhjustel | AB383: eesti keel | AC383: 0.6 | AD383: Ei | AE383: NULL | AF383: NULL | AG383: 19 | AH383: 23 | AI383: 3.7 | AJ383: 4.3 | AK383: 4.9 | AL383: 4.4 | AM383: 4 | AN383: 3 | AO383: 5 | AP383: 3 | AQ383: 31 | AR383: 5 | AS383: Hea | AT383: õppeaine98 | AU383: õppeaine98 | AV383: 44602 | AW383: 3 | AX383: =VLOOKUP(dummy_data!$AU383,dummy_oppeained!B:C,2,0) -> 6 | AY383: =VLOOKUP(AT383,dummy_oppeained!B:D,3,0) -> eristav | AZ383: =VLOOKUP(AS:AS,hinded_abi!B:D,3,0) -> 3 | BA383: =IF(AY383="eristav",AX383*AZ383," ") -> 18 | BB383: =IF(AY383="eristav",AX383,0) -> 6 | BC383: =_xlfn.CONCAT(A383,"_",E383,"_",AT383,"_",AV383) -> S00017_46910220162_õppeaine98_44602 | BD383: =COUNTIF($BC$2:BC383, BC383) -> 1
A384: S00017 | B384: Kati | C384: Pärn | D384: Kati Pärn | E384: 46910220162 | F384: Naine | G384: 412 kutseõpe keskhariduse baasil | H384: Ei | I384: Jah | J384: Jah | K384: 43862 | L384: 45881 | M384: 44174 | N384: Eksmatrikuleerimine | O384: Tervislikel põhjustel | P384: 20kevad_FA | Q384: Katkestanud | R384: 45089 | S384: Päevaõpe | T384: Määramata | U384: Meditsiinitehnilise hariduse keskus | V384: Farmatseut | W384: 1477 | X384: 514 rakenduskõrgharidusõpe | Y384: NULL | Z384: 1 | AA384: Üliõpilane ei hüvita õppekulusid: vabastatud muudel põhjustel | AB384: eesti keel | AC384: 0.6 | AD384: Ei | AE384: NULL | AF384: NULL | AG384: 19 | AH384: 23 | AI384: 3.7 | AJ384: 4.3 | AK384: 4.9 | AL384: 4.4 | AM384: 4 | AN384: 3 | AO384: 5 | AP384: 3 | AQ384: 31 | AR384: 5 | AS384: Arvestatud | AT384: õppeaine21 | AU384: õppeaine21 | AV384: 44967 | AW384: 3 | AX384: =VLOOKUP(dummy_data!$AU384,dummy_oppeained!B:C,2,0) -> 3 | AY384: =VLOOKUP(AT384,dummy_oppeained!B:D,3,0) -> mitteeristav | AZ384: =VLOOKUP(AS:AS,hinded_abi!B:D,3,0) -> NULL | BA384: =IF(AY384="eristav",AX384*AZ384," ") | BB384: =IF(AY384="eristav",AX384,0) -> 0 | BC384: =_xlfn.CONCAT(A384,"_",E384,"_",AT384,"_",AV384) -> S00017_46910220162_õppeaine21_44967 | BD384: =COUNTIF($BC$2:BC384, BC384) -> 1
A385: S00017 | B385: Kati | C385: Pärn | D385: Kati Pärn | E385: 46910220162 | F385: Naine | G385: 412 kutseõpe keskhariduse baasil | H385: Ei | I385: Jah | J385: Jah | K385: 43862 | L385: 45881 | M385: 44174 | N385: Eksmatrikuleerimine | O385: Tervislikel põhjustel | P385: 20kevad_FA | Q385: Katkestanud | R385: 45089 | S385: Päevaõpe | T385: Määramata | U385: Meditsiinitehnilise hariduse keskus | V385: Farmatseut | W385: 1477 | X385: 514 rakenduskõrgharidusõpe | Y385: NULL | Z385: 2 | AA385: Üliõpilane ei hüvita õppekulusid: vabastatud muudel põhjustel | AB385: eesti keel | AC385: 0.3 | AD385: Ei | AE385: NULL | AF385: NULL | AG385: 19 | AH385: 49 | AI385: 3.7 | AJ385: 4.7 | AK385: 4.9 | AL385: 3.0 | AM385: 4 | AN385: 1 | AO385: 5 | AP385: 7 | AQ385: 32 | AR385: 5 | AS385: Arvestatud | AT385: õppeaine32 | AU385: õppeaine32 | AV385: 44084 | AW385: 3 | AX385: =VLOOKUP(dummy_data!$AU385,dummy_oppeained!B:C,2,0) -> 2 | AY385: =VLOOKUP(AT385,dummy_oppeained!B:D,3,0) -> mitteeristav | AZ385: =VLOOKUP(AS:AS,hinded_abi!B:D,3,0) -> NULL | BA385: =IF(AY385="eristav",AX385*AZ385," ") | BB385: =IF(AY385="eristav",AX385,0) -> 0 | BC385: =_xlfn.CONCAT(A385,"_",E385,"_",AT385,"_",AV385) -> S00017_46910220162_õppeaine32_44084 | BD385: =COUNTIF($BC$2:BC385, BC385) -> 1
A386: S00017 | B386: Kati | C386: Pärn | D386: Kati Pärn | E386: 46910220162 | F386: Naine | G386: 412 kutseõpe keskhariduse baasil | H386: Ei | I386: Jah | J386: Jah | K386: 43862 | L386: 45881 | M386: 44174 | N386: Eksmatrikuleerimine | O386: Tervislikel põhjustel | P386: 20kevad_FA | Q386: Katkestanud | R386: 45089 | S386: Päevaõpe | T386: Määramata | U386: Meditsiinitehnilise hariduse keskus | V386: Farmatseut | W386: 1477 | X386: 514 rakenduskõrgharidusõpe | Y386: NULL | Z386: 2 | AA386: Üliõpilane ei hüvita õppekulusid: vabastatud muudel põhjustel | AB386: eesti keel | AC386: 0.3 | AD386: Ei | AE386: NULL | AF386: NULL | AG386: 19 | AH386: 49 | AI386: 3.7 | AJ386: 4.7 | AK386: 4.9 | AL386: 3.0 | AM386: 4 | AN386: 1 | AO386: 5 | AP386: 7 | AQ386: 32 | AR386: 5 | AS386: Suurepärane | AT386: õppeaine81 | AU386: õppeaine81 | AV386: 44084 | AW386: 3 | AX386: =VLOOKUP(dummy_data!$AU386,dummy_oppeained!B:C,2,0) -> 5 | AY386: =VLOOKUP(AT386,dummy_oppeained!B:D,3,0) -> eristav | AZ386: =VLOOKUP(AS:AS,hinded_abi!B:D,3,0) -> 5 | BA386: =IF(AY386="eristav",AX386*AZ386," ") -> 25 | BB386: =IF(AY386="eristav",AX386,0) -> 5 | BC386: =_xlfn.CONCAT(A386,"_",E386,"_",AT386,"_",AV386) -> S00017_46910220162_õppeaine81_44084 | BD386: =COUNTIF($BC$2:BC386, BC386) -> 1
...

Sheet pivot_tava
A1: row_count | B1: 1 | H1: row_count | I1: 1
H2: matrikli_nr | I2: S00049
C3: Values
A4: Õppekava | B4: Õpperühm | C4: Count of matrikli_nr | D4: Sum of KKH | H4: Sum of KKH
A5: Assistant Pharmacist | B5: 20kevad_AP | C5: 71 | D5: 2.0068493 | H5: täisnimi | I5: Õppekava | J5: Õpperühm | K5: Keskmine kokku | L5: Õppeaine | M5: EAP | N5: hindamisviis | O5: Total
B6: 21sügis_AP | C6: 35 | D6: 2.1041667 | H6: Andres Gabriel Samuel Sepp | I6: Optometrist | J6: 22kevad_OP | K6: 4.7 | L6: õppeaine100 | M6: 6 | N6: eristav | O6: 1
B7: 22kevad_AP | C7: 46 | D7: 2.3917526 | L7: õppeaine12 | M7: 5 | N7: eristav | O7: 4
A8: Assistant Pharmacist Total | C8: 152 | D8: 2.147619 | L8: õppeaine16 | M8: 6 | N8: eristav | O8: 3
A9: Farmatseut | B9: 20kevad_FA | C9: 85 | D9: 2.1076923 | L9: õppeaine25 | M9: 5 | N9: eristav | O9: 3
B10: 21sügis_FA | C10: 134 | D10: 2.0147992 | L10: õppeaine36 | M10: 6 | N10: eristav | O10: 2
B11: 22kevad_FA | C11: 15 | D11: 2.4677419 | L11: õppeaine39 | M11: 5 | N11: eristav | O11: 0
B12: 23sügis_FA | C12: 7 | D12: 1.5277778 | L12: õppeaine69 | M12: 6 | N12: eristav | O12: 1
A13: Farmatseut Total | C13: 241 | D13: 2.0602679 | L13: õppeaine86 | M13: 6 | N13: eristav | O13: 0
A14: Hambatehnik | B14: 20kevad_HT | C14: 48 | D14: 1.7572816 | H14: Grand Total | O14: 1.7111111
B15: 20sügis_HT | C15: 33 | D15: 1.6126126
B16: 21sügis_HT | C16: 77 | D16: 2.1891892
A17: Hambatehnik Total | C17: 158 | D17: 1.9236111
A18: Optometrist | B18: 20kevad_OP | C18: 67 | D18: 1.3923077
B19: 21sügis_OP | C19: 52 | D19: 2.2727273
B20: 22kevad_OP | C20: 63 | D20: 2.1016043
A21: Optometrist Total | C21: 182 | D21: 1.8539326
A22: Tegevusterapeut | B22: 20kevad_TT | C22: 104 | D22: 2.3410256
B23: 20sügis_TT | C23: 16 | D23: 2.8636364
B24: 21sügis_TT | C24: 96 | D24: 1.8292079
B25: 22kevad_TT | C25: 39 | D25: 1.8278146
B26: 24sügis_TT | C26: 5 | D26: 2.9230769
A27: Tegevusterapeut Total | C27: 260 | D27: 2.0985222
A28: Tervisedendus | B28: 20kevad_TE | C28: 105 | D28: 2.184375
B29: 21sügis_TE | C29: 20 | D29: 2.5555556
B30: 22kevad_TE | C30: 30 | D30: 0.97894737
B31: 24sügis_TE | C31: 39 | D31: 0.9556962
A32: Tervisedendus Total | C32: 194 | D32: 1.7358491
A33: Terviseteadus | B33: 20kevad_Tteadus | C33: 94 | D33: 2.2131148
B34: 21sügis_Tteadus | C34: 14 | D34: 1.6734694
B35: 22kevad_Tteadus | C35: 61 | D35: 2.2279412
B36: 22sügis_Tteadus | C36: 22 | D36: 1.1445783
A37: Terviseteadus Total | C37: 191 | D37: 2.0688312
A38: Õde | B38: 20kevad_Õde | C38: 33 | D38: 3.226087
B39: 20sügis_Õde | C39: 38 | D39: 1.9701493
B40: 21kevad_Õde | C40: 5 | D40: 0.72727273
B41: 21sügis_Õde | C41: 81 | D41: 1.9466667
B42: 22kevad_Õde | C42: 33 | D42: 1.2523364
B43: 22sügis_Õde | C43: 31 | D43: 2.2941176
A44: Õde Total | C44: 221 | D44: 2.0551282
A45: Ämmaemand | B45: 20kevad_Ämm | C45: 19 | D45: 0.984375
B46: 20sügis_Ämm | C46: 29 | D46: 1.05
B47: 21sügis_Ämm | C47: 20 | D47: 1.8970588
B48: 22kevad_Ämm | C48: 38 | D48: 1.2564103
B49: 25sügis_Ämm | C49: 37 | D49: 2.1048951
A50: Ämmaemand Total | C50: 143 | D50: 1.5142276
A51: Grand Total | C51: 1742 | D51: 1.9689935
A57: row_count | B57: (All)
A58: Õppekava | B58: (All)
A59: Õpperühm | B59: (All)
A62: matrikli_nr | B62: Õppekava täitmise protsent %
A63: S00049 | B63: 0.2
B64: 0.8
B65: 1.0
A66: Grand Total

Sheet pivot_datamodel
A3: Õppeaine | B3: All | I3: Õppeaine | J3: All | O3: Õppeaine | P3: All
A5: Distinct Count of matrikli_nr | I5: Distinct Count of matrikli_nr | O5: Distinct Count of matrikli_nr
A6: Õppekava | B6: Õpperühm | C6: Immatrikuleeritud | D6: Total | I6: Õpperühm | J6: Õppekava | K6: Immatrikuleeritud | L6: Total | O6: Õppekava | P6: Õpperühm | Q6: Käskkirja liik | R6: Total
A7: Assistant Pharmacist | B7: 20kevad_AP | C7: 43862 | D7: 3 | I7: 20kevad_Ämm | J7: Ämmaemand | K7: 43862 | L7: 1 | O7: Farmatseut | P7: 20kevad_FA | Q7: Eksmatrikuleerimine | R7: 1
B8: 21sügis_AP | C8: 44440 | D8: 1 | I8: 20sügis_Ämm | J8: Ämmaemand | K8: 44076 | L8: 1 | P8: 21sügis_FA | Q8: Eksmatrikuleerimine | R8: 2
B9: 22kevad_AP | C9: 44593 | D9: 2 | I9: 21sügis_Ämm | J9: Ämmaemand | K9: 44440 | L9: 1 | O9: Hambatehnik | P9: 21sügis_HT | Q9: Eksmatrikuleerimine | R9: 2
A10: Farmatseut | B10: 20kevad_FA | C10: 43862 | D10: 3 | I10: 22kevad_Ämm | J10: Ämmaemand | K10: 44593 | L10: 1 | O10: Optometrist | P10: 22kevad_OP | Q10: Eksmatrikuleerimine | R10: 1
B11: 21sügis_FA | C11: 44440 | D11: 4 | I11: 25sügis_Ämm | J11: Ämmaemand | K11: 44927 | L11: 1 | O11: Tegevusterapeut | P11: 20kevad_TT | Q11: Eksmatrikuleerimine | R11: 1
B12: 22kevad_FA | C12: 44593 | D12: 1 | I12: Grand Total | L12: 5 | P12: 21sügis_TT | Q12: Eksmatrikuleerimine | R12: 2
B13: 23sügis_FA | C13: 45173 | D13: 1 | O13: Terviseteadus | P13: 22sügis_Tteadus | Q13: Eksmatrikuleerimine | R13: 1
A14: Hambatehnik | B14: 20kevad_HT | C14: 43862 | D14: 2 | O14: Õde | P14: 21kevad_Õde | Q14: Eksmatrikuleerimine | R14: 1
B15: 20sügis_HT | C15: 44076 | D15: 1 | P15: 21sügis_Õde | Q15: Eksmatrikuleerimine | R15: 2
B16: 21sügis_HT | C16: 44440 | D16: 4 | O16: Ämmaemand | P16: 22kevad_Ämm | Q16: Eksmatrikuleerimine | R16: 1
A17: Optometrist | B17: 20kevad_OP | C17: 43862 | D17: 2 | O17: Grand Total | R17: 14
B18: 21sügis_OP | C18: 44440 | D18: 2
B19: 22kevad_OP | C19: 44593 | D19: 3
A20: Tegevusterapeut | B20: 20kevad_TT | C20: 43862 | D20: 3
B21: 20sügis_TT | C21: 44076 | D21: 1
B22: 21sügis_TT | C22: 44440 | D22: 4
B23: 22kevad_TT | C23: 44593 | D23: 2
B24: 24sügis_TT | C24: 45901 | D24: 1 | O24: Õppeaine | P24: All
A25: Tervisedendus | B25: 20kevad_TE | C25: 43862 | D25: 3
B26: 21sügis_TE | C26: 44440 | D26: 1 | O26: Distinct Count of matrikli_nr
B27: 22kevad_TE | C27: 44593 | D27: 1 | O27: Õppekava | P27: Õpperühm | Q27: Õppija staatus | R27: Total
B28: 24sügis_TE | C28: 45901 | D28: 1 | O28: Farmatseut | P28: 20kevad_FA | Q28: Katkestanud | R28: 1
A29: Terviseteadus | B29: 20kevad_Tteadus | C29: 43862 | D29: 4 | P29: 21sügis_FA | Q29: Katkestanud | R29: 2
B30: 21sügis_Tteadus | C30: 44440 | D30: 1 | O30: Hambatehnik | P30: 21sügis_HT | Q30: Katkestanud | R30: 2
B31: 22kevad_Tteadus | C31: 44593 | D31: 3 | O31: Optometrist | P31: 22kevad_OP | Q31: Katkestanud | R31: 1
B32: 22sügis_Tteadus | C32: 44780 | D32: 1 | O32: Tegevusterapeut | P32: 20kevad_TT | Q32: Katkestanud | R32: 1
A33: Õde | B33: 20kevad_Õde | C33: 43862 | D33: 2 | P33: 21sügis_TT | Q33: Katkestanud | R33: 2
B34: 20sügis_Õde | C34: 44076 | D34: 1 | O34: Terviseteadus | P34: 20kevad_Tteadus | Q34: Katkestanud | R34: 1
B35: 21kevad_Õde | C35: 44228 | D35: 1 | P35: 22sügis_Tteadus | Q35: Katkestanud | R35: 1
B36: 21sügis_Õde | C36: 44440 | D36: 4 | O36: Õde | P36: 21kevad_Õde | Q36: Katkestanud | R36: 1
B37: 22kevad_Õde | C37: 44593 | D37: 1 | P37: 21sügis_Õde | Q37: Katkestanud | R37: 2
B38: 22sügis_Õde | C38: 44780 | D38: 1 | O38: Ämmaemand | P38: 25sügis_Ämm | Q38: Katkestanud | R38: 1
A39: Ämmaemand | B39: 20kevad_Ämm | C39: 43862 | D39: 1 | O39: Grand Total | R39: 15
B40: 20sügis_Ämm | C40: 44076 | D40: 1
B41: 21sügis_Ämm | C41: 44440 | D41: 1
B42: 22kevad_Ämm | C42: 44593 | D42: 1
B43: 25sügis_Ämm | C43: 44927 | D43: 1
A44: Grand Total | D44: 70

Sheet hinded_abi
B1: Soorituse tulemus | C1: Tähis | D1: Teisendud numbriliseks
A2: Arvestatud A | B2: Arvestatud | C2: Arvestatud | D2: NULL
A3: Mittearvestatud MA | B3: Mittearvestatud | C3: MA | D3: NULL
A4: Suurepärane A | B4: Suurepärane | C4: A | D4: 5
A5: Väga hea B | B5: Väga hea | C5: B | D5: 4
A6: Hea C | B6: Hea | C6: C | D6: 3
A7: Rahuldav D | B7: Rahuldav | C7: D | D7: 2
A8: Kasin E | B8: Kasin | C8: E | D8: 1
A9: Puudulik F | B9: Puudulik | C9: F | D9: 0
A10: Mitteilmunud MI | B10: Mitteilmunud | C10: MI | D10: 0
D44: Hea C
D45: Puudulik F
D46: Arvestatud A

Sheet akad_kalender
A2: perioodi alguskpv | B2: perioodi lõppkpv | C2: deklareerimise lõppkpv | D2: periood
A3: 45537 | B3: 45690 | C3: 45550 | D3: 2024/2025 Kevadsemester | F3: =alguskuupäev +13 päeva = deklareerimise lõppkpv
A4: 46055

Sheet õppekava_mappimine
A1: act | B1: act | C1: dymmy | D1: act | E1: act, peaks nii olema | F1: terviseteaduse oppekaval ainult | J1: ise, www-st | K1: ise, www-st | M1: arvuta | N1: arvuta
A2: EHIS kood | B2: Õppekava | C2: Õpperühm | D2: Õppetase | E2: Struktuuriüksus | F2: Spetsialiseerumine | J2: Nominaalõppe pikkus a | K2: Õppekava EAP | M2: sisseastumise aasta | N2: sisseastumise periood
A3: 1467 | B3: Õde | C3: OD2020-1 | D3: 514 rakenduskõrgharidusõpe | E3: Õenduse õppetool | F3: Intensiivõendus | J3: 3.5 | K3: 210 | M3: 2024 | N3: 2024kevad
A4: 1467 | B4: Õde | C4: OD2021-1 | D4: 514 rakenduskõrgharidusõpe | E4: Õenduse õppetool | F4: Kliiniline õendus | J4: 3.5 | K4: 210
A5: 1467 | B5: Õde | C5: OD2022-1 | D5: 514 rakenduskõrgharidusõpe | E5: Õenduse õppetool | F5: Terviseõendus | J5: 3.5 | K5: 210 | M5: immatrikueerimise kuupäevast
A6: 1467 | B6: Õde | C6: OD2023-1 | D6: 514 rakenduskõrgharidusõpe | E6: Õenduse õppetool | J6: 3.5 | K6: 210 | N6: akadeemilise kalendri järgi?
A7: 1467 | B7: Õde | C7: OD2024-1 | D7: 514 rakenduskõrgharidusõpe | E7: Õenduse õppetool | J7: 3.5 | K7: 210
A8: 1467 | B8: Õde | C8: OD2025-1 | D8: 514 rakenduskõrgharidusõpe | E8: Õenduse õppetool | J8: 3.5 | K8: 210
A9: 1467 | B9: Õde | C9: OD2020-2 | D9: 514 rakenduskõrgharidusõpe | E9: Õenduse õppetool | J9: 3.5 | K9: 210
A10: 1467 | B10: Õde | C10: OD2021-2 | D10: 514 rakenduskõrgharidusõpe | E10: Õenduse õppetool | J10: 3.5 | K10: 210
A11: 1467 | B11: Õde | C11: OD2022-2 | D11: 514 rakenduskõrgharidusõpe | E11: Õenduse õppetool | J11: 3.5 | K11: 210
A12: 1467 | B12: Õde | C12: OD2023-2 | D12: 514 rakenduskõrgharidusõpe | E12: Õenduse õppetool | J12: 3.5 | K12: 210
A13: 1467 | B13: Õde | C13: OD2024-2 | D13: 514 rakenduskõrgharidusõpe | E13: Õenduse õppetool | J13: 3.5 | K13: 210
A14: 1467 | B14: Õde | C14: OD2025-2 | D14: 514 rakenduskõrgharidusõpe | E14: Õenduse õppetool | J14: 3.5 | K14: 210
A15: 214475 | B15: Assistant Pharmacist | C15: AP2020-2 | D15: 514 rakenduskõrgharidusõpe | E15: Meditsiinitehnilise hariduse keskus | J15: 3 | K15: 180
A16: 214475 | B16: Assistant Pharmacist | C16: AP2021-2 | D16: 514 rakenduskõrgharidusõpe | E16: Meditsiinitehnilise hariduse keskus | J16: 3 | K16: 180
A17: 214475 | B17: Assistant Pharmacist | C17: AP2022-2 | D17: 514 rakenduskõrgharidusõpe | E17: Meditsiinitehnilise hariduse keskus | J17: 3 | K17: 180
A18: 214475 | B18: Assistant Pharmacist | C18: AP2023-2 | D18: 514 rakenduskõrgharidusõpe | E18: Meditsiinitehnilise hariduse keskus | J18: 3 | K18: 180
... A38: 3311 | B38: Tegevusterapeut | C38: TR2025-2 | D38: 514 rakenduskõrgharidusõpe | E38: Tervishariduse keskus | J38: 4 | K38: 240
A39: 194200 | B39: Terviseteadus | C39: TT2020-2 | D39: 614 magistriõpe (3+2) | E39: NULL ? | F39: Intensiivõendus | J39: 1.5 | K39: 90
A40: 194200 | B40: Terviseteadus | C40: TT2021-2 | D40: 614 magistriõpe (3+2) | E40: NULL ? | F40: Kliiniline õendus | J40: 1.5 | K40: 90
A41: 194200 | B41: Terviseteadus | C41: TT2022-2 | D41: 614 magistriõpe (3+2) | E41: NULL ? | F41: Terviseõendus | J41: 1.5 | K41: 90
A42: 194200 | B42: Terviseteadus | C42: TT2023-2 | D42: 614 magistriõpe (3+2) | E42: NULL ? | F42: Vaimse tervise õendus | J42: 1.5 | K42: 90
A43: 194200 | B43: Terviseteadus | C43: TT2024-2 | D43: 614 magistriõpe (3+2) | E43: NULL ? | J43: 1.5 | K43: 90
A44: 194200 | B44: Terviseteadus | C44: TT2025-2 | D44: 614 magistriõpe (3+2) | E44: NULL ? | J44: 1.5 | K44: 90
A45: 80997 | B45: Tervisedendus | C45: TE2020-2 | D45: 514 rakenduskõrgharidusõpe | E45: Õenduse õppetool | J45: 3 | K45: 180
A46: 80997 | B46: Tervisedendus | C46: TE2021-2 | D46: 514 rakenduskõrgharidusõpe | E46: Õenduse õppetool | J46: 3 | K46: 180
A47: 80997 | B47: Tervisedendus | C47: TE2022-2 | D47: 514 rakenduskõrgharidusõpe | E47: Õenduse õppetool | J47: 3 | K47: 180
A48: 80997 | B48: Tervisedendus | C48: TE2023-2 | D48: 514 rakenduskõrgharidusõpe | E48: Õenduse õppetool | J48: 3 | K48: 180
A49: 80997 | B49: Tervisedendus | C49: TE2024-2 | D49: 514 rakenduskõrgharidusõpe | E49: Õenduse õppetool | J49: 3 | K49: 180
A50: 80997 | B50: Tervisedendus | C50: TE2025-2 | D50: 514 rakenduskõrgharidusõpe | E50: Õenduse õppetool | J50: 3 | K50: 180
A51: 1470 | B51: Ämmaemand | C51: AM2020-2 | D51: 514 rakenduskõrgharidusõpe | E51: Õenduse õppetool | J51: 4.5 | K51: 270
A52: 1470 | B52: Ämmaemand | C52: AM2021-2 | D52: 514 rakenduskõrgharidusõpe | E52: Õenduse õppetool | J52: 4.5 | K52: 270
A53: 1470 | B53: Ämmaemand | C53: AM2022-2 | D53: 514 rakenduskõrgharidusõpe | E53: Õenduse õppetool | J53: 4.5 | K53: 270
A54: 1470 | B54: Ämmaemand | C54: AM2023-2 | D54: 514 rakenduskõrgharidusõpe | E54: Õenduse õppetool | J54: 4.5 | K54: 270
... A56: 1470 | B56: Ämmaemand | C56: AM2025-2 | D56: 514 rakenduskõrgharidusõpe | E56: Õenduse õppetool | J56: 4.5 | K56: 270

Sheet dummy_yherealine
A1: matrikli_nr | B1: eesnimi | C1: perenimi | D1: isikukood | E1: Sugu | F1: Eelnev haridus | G1: Külalisõppija | H1: Välisõppija | I1: Cum laude | J1: Immatrikuleeritud | K1: Lõpetanud | L1: Käskkirja kinnitamise kp | M1: Käskkirja liik | N1: Käskkirja põhjus | O1: Õpperühm | P1: Õppija staatus | Q1: Nominaalaja lõpp | R1: Õppevorm | S1: Koormus | T1: Struktuuriüksus | U1: Õppekava | V1: Õppekava EHIS kood | W1: Õppetase | X1: Spetsialiseerumine | Y1: Õppeaasta | Z1: Rahastamine | AA1: Õppekeel | AB1: Õppekava täitmise protsent % | AC1: Õppijal on erivajadus | AD1: Erivajaduse täpsustus | AE1: Õpipoisi ettevõte | AF1: Ainepunkte kokku | AG1: Ainepunkte perioodis | AH1: Kaalutud keskmine kokku | AI1: Kaalutud keskmine hinne perioodis | AJ1: Keskmine kokku | AK1: Keskmine hinne perioodis | AL1: Võlad kokku | AM1: Võlad perioodis | AN1: Võlapunktid kokku EAP | AO1: Võlapunktid perioodis EAP | AP1: Deklareeritud ainepunkte perioodis | AQ1: VÕTA maht | AR1: Aktiivne sooritus aines | AS1: Õppeaine | AT1: Deklareeritud õppeaine | AU1: Deklaratsiooni kinnitus perioodis | AV1: EAP | AW1: hindamisviis | AX1: Sooritus_arvuna | AY1: EAP_sooritus_eristav | AZ1: EAP_eristav | BA1: v | BB1: v | BC1: v
A2: S00001 | B2: Pille | C2: Tamm | D2: 51206259631 | E2: Naine | F2: 323 kutsekeskharidus põhihariduse baasil | G2: Jah | H2: Jah | I2: Jah | J2: 45765 | K2: 45835 | L2: 44137 | M2: Õppekoormuse muutmine | N2: Tervislikel põhjustel | O2: O21sügis | P2: Katkestanud | Q2: 44531 | R2: Eksternõpe | S2: Osakoormus | T2: Õenduse õppetool | U2: Tegevusterapeut | V2: 3311 | W2: 514 rakenduskõrgharidusõpe | X2: NULL | Y2: 1 | Z2: SF programmist „PRÕM“ rahastatav õppekoht: õpipoisiõpe | AA2: eesti keel | AB2: 0.5 | AC2: Jah | AD2: liikumispuue | AE2: NULL | AF2: 185 | AG2: 47 | AH2: 3.1 | AI2: 3.3 | AJ2: 3.3 | AK2: 3.7 | AL2: 4 | AM2: 2 | AN2: 4 | AO2: 4 | AP2: 56 | AQ2: 4 | AR2: Puudulik F | AS2: õppeaine22 | AT2: õppeaine22 | AU2: 45377 | AV2: =VLOOKUP(dummy_yherealine!$AT2,dummy_oppeained!B:C,2,0) -> 6 | AW2: =VLOOKUP(AS2,dummy_oppeained!B:D,3,0) -> eristav | AX2: =VLOOKUP(AR:AR,hinded_abi!A:D,4,0) -> 0 | AY2: =IF(AW2="eristav",AV2*AX2," ") -> 0 | AZ2: =IF(AW2="eristav",AV2,0) -> 6
A3: S00001 | B3: Pille | C3: Tamm | D3: 51206259631 | E3: Naine | F3: 323 kutsekeskharidus põhihariduse baasil | G3: Jah | H3: Jah | I3: Jah | J3: 45765 | K3: 45835 | L3: 44137 | M3: Õppekoormuse muutmine | N3: Tervislikel põhjustel | O3: O21sügis | P3: Katkestanud | Q3: 44531 | R3: Eksternõpe | S3: Osakoormus | T3: Õenduse õppetool | U3: Tegevusterapeut | V3: 3311 | W3: 514 rakenduskõrgharidusõpe | X3: NULL | Y3: 1 | Z3: SF programmist „PRÕM“ rahastatav õppekoht: õpipoisiõpe | AA3: eesti keel | AB3: 0.5 | AC3: Jah | AD3: liikumispuue | AE3: NULL | AF3: 185 | AG3: 47 | AH3: 3.1 | AI3: 3.3 | AJ3: 3.3 | AK3: 3.7 | AL3: 4 | AM3: 2 | AN3: 4 | AO3: 4 | AP3: 56 | AQ3: 4 | AR3: Suurepärane A | AS3: õppeaine2 | AT3: õppeaine2 | AU3: 45552 | AV3: =VLOOKUP(dummy_yherealine!$AT3,dummy_oppeained!B:C,2,0) -> 6 | AW3: =VLOOKUP(AS3,dummy_oppeained!B:D,3,0) -> eristav | AX3: =VLOOKUP(AR:AR,hinded_abi!A:D,4,0) -> 5 | AY3: =IF(AW3="eristav",AV3*AX3," ") -> 30 | AZ3: =IF(AW3="eristav",AV3,0) -> 6
A4: S00001 | B4: Pille | C4: Tamm | D4: 51206259631 | E4: Naine | F4: 323 kutsekeskharidus põhihariduse baasil | G4: Jah | H4: Jah | I4: Jah | J4: 45765 | K4: 45835 | L4: 44137 | M4: Õppekoormuse muutmine | N4: Tervislikel põhjustel | O4: O21sügis | P4: Katkestanud | Q4: 44531 | R4: Eksternõpe | S4: Osakoormus | T4: Õenduse õppetool | U4: Tegevusterapeut | V4: 3311 | W4: 514 rakenduskõrgharidusõpe | X4: NULL | Y4: 1 | Z4: SF programmist „PRÕM“ rahastatav õppekoht: õpipoisiõpe | AA4: eesti keel | AB4: 0.5 | AC4: Jah | AD4: liikumispuue | AE4: NULL | AF4: 185 | AG4: 47 | AH4: 3.1 | AI4: 3.3 | AJ4: 3.3 | AK4: 3.7 | AL4: 4 | AM4: 2 | AN4: 4 | AO4: 4 | AP4: 56 | AQ4: 4 | AR4: Arvestatud A | AS4: õppeaine85 | AT4: õppeaine85 | AU4: 44745 | AV4: =VLOOKUP(dummy_yherealine!$AT4,dummy_oppeained!B:C,2,0) -> 3 | AW4: =VLOOKUP(AS4,dummy_oppeained!B:D,3,0) -> mitteeristav | AX4: =VLOOKUP(AR:AR,hinded_abi!A:D,4,0) -> NULL | AY4: =IF(AW4="eristav",AV4*AX4," ") | AZ4: =IF(AW4="eristav",AV4,0) -> 0
A5: S00001 | B5: Pille | C5: Tamm | D5: 51206259631 | E5: Naine | F5: 323 kutsekeskharidus põhihariduse baasil | G5: Jah | H5: Jah | I5: Jah | J5: 45765 | K5: 45835 | L5: 44137 | M5: Õppekoormuse muutmine | N5: Tervislikel põhjustel | O5: O21sügis | P5: Katkestanud | Q5: 44531 | R5: Eksternõpe | S5: Osakoormus | T5: Õenduse õppetool | U5: Tegevusterapeut | V5: 3311 | W5: 514 rakenduskõrgharidusõpe | X5: NULL | Y5: 1 | Z5: SF programmist „PRÕM“ rahastatav õppekoht: õpipoisiõpe | AA5: eesti keel | AB5: 0.5 | AC5: Jah | AD5: liikumispuue | AE5: NULL | AF5: 185 | AG5: 47 | AH5: 3.1 | AI5: 3.3 | AJ5: 3.3 | AK5: 3.7 | AL5: 4 | AM5: 2 | AN5: 4 | AO5: 4 | AP5: 56 | AQ5: 4 | AR5: Arvestatud A | AS5: õppeaine29 | AT5: õppeaine29 | AU5: 45051 | AV5: =VLOOKUP(dummy_yherealine!$AT5,dummy_oppeained!B:C,2,0) -> 3 | AW5: =VLOOKUP(AS5,dummy_oppeained!B:D,3,0) -> mitteeristav | AX5: =VLOOKUP(AR:AR,hinded_abi!A:D,4,0) -> NULL | AY5: =IF(AW5="eristav",AV5*AX5," ") | AZ5: =IF(AW5="eristav",AV5,0) -> 0
A6: S00001 | B6: Pille | C6: Tamm | D6: 51206259631 | E6: Naine | F6: 323 kutsekeskharidus põhihariduse baasil | G6: Jah | H6: Jah | I6: Jah | J6: 45765 | K6: 45835 | L6: 44137 | M6: Õppekoormuse muutmine | N6: Tervislikel põhjustel | O6: O21sügis | P6: Katkestanud | Q6: 44531 | R6: Eksternõpe | S6: Osakoormus | T6: Õenduse õppetool | U6: Tegevusterapeut | V6: 3311 | W6: 514 rakenduskõrgharidusõpe | X6: NULL | Y6: 1 | Z6: SF programmist „PRÕM“ rahastatav õppekoht: õpipoisiõpe | AA6: eesti keel | AB6: 0.5 | AC6: Jah | AD6: liikumispuue | AE6: NULL | AF6: 185 | AG6: 47 | AH6: 3.1 | AI6: 3.3 | AJ6: 3.3 | AK6: 3.7 | AL6: 4 | AM6: 2 | AN6: 4 | AO6: 4 | AP6: 56 | AQ6: 4 | AR6: Puudulik F | AS6: õppeaine24 | AT6: õppeaine24 | AU6: 44729 | AV6: =VLOOKUP(dummy_yherealine!$AT6,dummy_oppeained!B:C,2,0) -> 9 | AW6: =VLOOKUP(AS6,dummy_oppeained!B:D,3,0) -> eristav | AX6: =VLOOKUP(AR:AR,hinded_abi!A:D,4,0) -> 0 | AY6: =IF(AW6="eristav",AV6*AX6," ") -> 0 | AZ6: =IF(AW6="eristav",AV6,0) -> 9
A7: S00001 | B7: Pille | C7: Tamm | D7: 51206259631 | E7: Naine | F7: 323 kutsekeskharidus põhihariduse baasil | G7: Jah | H7: Jah | I7: Jah | J7: 45765 | K7: 45835 | L7: 44137 | M7: Õppekoormuse muutmine | N7: Tervislikel põhjustel | O7: O21sügis | P7: Katkestanud | Q7: 44531 | R7: Eksternõpe | S7: Osakoormus | T7: Õenduse õppetool | U7: Tegevusterapeut | V7: 3311 | W7: 514 rakenduskõrgharidusõpe | X7: NULL | Y7: 1 | Z7: SF programmist „PRÕM“ rahastatav õppekoht: õpipoisiõpe | AA7: eesti keel | AB7: 0.5 | AC7: Jah | AD7: liikumispuue | AE7: NULL | AF7: 185 | AG7: 47 | AH7: 3.1 | AI7: 3.3 | AJ7: 3.3 | AK7: 3.7 | AL7: 4 | AM7: 2 | AN7: 4 | AO7: 4 | AP7: 56 | AQ7: 4 | AR7: Mittearvestatud MA | AS7: õppeaine59 | AT7: õppeaine59 | AU7: 45667 | AV7: =VLOOKUP(dummy_yherealine!$AT7,dummy_oppeained!B:C,2,0) -> 3 | AW7: =VLOOKUP(AS7,dummy_oppeained!B:D,3,0) -> mitteeristav | AX7: =VLOOKUP(AR:AR,hinded_abi!A:D,4,0) -> NULL | AY7: =IF(AW7="eristav",AV7*AX7," ") | AZ7: =IF(AW7="eristav",AV7,0) -> 0
A8: S00001 | B8: Pille | C8: Tamm | D8: 51206259631 | E8: Naine | F8: 323 kutsekeskharidus põhihariduse baasil | G8: Jah | H8: Jah | I8: Jah | J8: 45765 | K8: 45835 | L8: 44137 | M8: Õppekoormuse muutmine | N8: Tervislikel põhjustel | O8: O21sügis | P8: Katkestanud | Q8: 44531 | R8: Eksternõpe | S8: Osakoormus | T8: Õenduse õppetool | U8: Tegevusterapeut | V8: 3311 | W8: 514 rakenduskõrgharidusõpe | X8: NULL | Y8: 1 | Z8: SF programmist „PRÕM“ rahastatav õppekoht: õpipoisiõpe | AA8: eesti keel | AB8: 0.5 | AC8: Jah | AD8: liikumispuue | AE8: NULL | AF8: 185 | AG8: 47 | AH8: 3.1 | AI8: 3.3 | AJ8: 3.3 | AK8: 3.7 | AL8: 4 | AM8: 2 | AN8: 4 | AO8: 4 | AP8: 56 | AQ8: 4 | AR8: Hea C | AS8: õppeaine84 | AT8: õppeaine84 | AU8: 44288 | AV8: =VLOOKUP(dummy_yherealine!$AT8,dummy_oppeained!B:C,2,0) -> 6 | AW8: =VLOOKUP(AS8,dummy_oppeained!B:D,3,0) -> eristav | AX8: =VLOOKUP(AR:AR,hinded_abi!A:D,4,0) -> 3 | AY8: =IF(AW8="eristav",AV8*AX8," ") -> 18 | AZ8: =IF(AW8="eristav",AV8,0) -> 6
A9: S00001 | B9: Pille | C9: Tamm | D9: 51206259631 | E9: Naine | F9: 323 kutsekeskharidus põhihariduse baasil | G9: Jah | H9: Jah | I9: Jah | J9: 45765 | K9: 45835 | L9: 44137 | M9: Õppekoormuse muutmine | N9: Tervislikel põhjustel | O9: O21sügis | P9: Katkestanud | Q9: 44531 | R9: Eksternõpe | S9: Osakoormus | T9: Õenduse õppetool | U9: Tegevusterapeut | V9: 3311 | W9: 514 rakenduskõrgharidusõpe | X9: NULL | Y9: 1 | Z9: SF programmist „PRÕM“ rahastatav õppekoht: õpipoisiõpe | AA9: eesti keel | AB9: 0.5 | AC9: Jah | AD9: liikumispuue | AE9: NULL | AF9: 185 | AG9: 47 | AH9: 3.1 | AI9: 3.3 | AJ9: 3.3 | AK9: 3.7 | AL9: 4 | AM9: 2 | AN9: 4 | AO9: 4 | AP9: 56 | AQ9: 4 | AR9: Mittearvestatud MA | AS9: õppeaine76 | AT9: õppeaine76 | AU9: 44567 | AV9: =VLOOKUP(dummy_yherealine!$AT9,dummy_oppeained!B:C,2,0) -> 3 | AW9: =VLOOKUP(AS9,dummy_oppeained!B:D,3,0) -> mitteeristav | AX9: =VLOOKUP(AR:AR,hinded_abi!A:D,4,0) -> NULL | AY9: =IF(AW9="eristav",AV9*AX9," ") | AZ9: =IF(AW9="eristav",AV9,0) -> 0
A10: S00001 | B10: Pille | C10: Tamm | D10: 51206259631 | E10: Naine | F10: 323 kutsekeskharidus põhihariduse baasil | G10: Jah | H10: Jah | I10: Jah | J10: 45765 | K10: 45835 | L10: 44137 | M10: Õppekoormuse muutmine | N10: Tervislikel põhjustel | O10: O21sügis | P10: Katkestanud | Q10: 44531 | R10: Eksternõpe | S10: Osakoormus | T10: Õenduse õppetool | U10: Tegevusterapeut | V10: 3311 | W10: 514 rakenduskõrgharidusõpe | X10: NULL | Y10: 1 | Z10: SF programmist „PRÕM“ rahastatav õppekoht: õpipoisiõpe | AA10: eesti keel | AB10: 0.5 | AC10: Jah | AD10: liikumispuue | AE10: NULL | AF10: 185 | AG10: 47 | AH10: 3.1 | AI10: 3.3 | AJ10: 3.3 | AK10: 3.7 | AL10: 4 | AM10: 2 | AN10: 4 | AO10: 4 | AP10: 56 | AQ10: 4 | AR10: Hea C | AS10: õppeaine79 | AT10: õppeaine79 | AU10: 44756 | AV10: =VLOOKUP(dummy_yherealine!$AT10,dummy_oppeained!B:C,2,0) -> 8 | AW10: =VLOOKUP(AS10,dummy_oppeained!B:D,3,0) -> eristav | AX10: =VLOOKUP(AR:AR,hinded_abi!A:D,4,0) -> 3 | AY10: =IF(AW10="eristav",AV10*AX10," ") -> 24 | AZ10: =IF(AW10="eristav",AV10,0) -> 8
A11: S00001 | B11: Pille | C11: Tamm | D11: 51206259631 | E11: Naine | F11: 323 kutsekeskharidus põhihariduse baasil | G11: Jah | H11: Jah | I11: Jah | J11: 45765 | K11: 45835 | L11: 44137 | M11: Õppekoormuse muutmine | N11: Tervislikel põhjustel | O11: O21sügis | P11: Katkestanud | Q11: 44531 | R11: Eksternõpe | S11: Osakoormus | T11: Õenduse õppetool | U11: Tegevusterapeut | V11: 3311 | W11: 514 rakenduskõrgharidusõpe | X11: NULL | Y11: 2 | Z11: SF programmist „PRÕM“ rahastatav õppekoht: õpipoisiõpe | AA11: eesti keel | AB11: 0.9 | AC11: Jah | AD11: liikumispuue | AE11: NULL | AF11: 185 | AG11: 30 | AH11: 3.1 | AI11: 4.4 | AJ11: 3.3 | AK11: 3.3 | AL11: 4 | AM11: 1 | AN11: 4 | AO11: 10 | AP11: 43 | AQ11: 4 | AR11: Väga hea B | AS11: õppeaine67 | AT11: õppeaine67 | AU11: 45508 | AV11: =VLOOKUP(dummy_yherealine!$AT11,dummy_oppeained!B:C,2,0) -> 5 | AW11: =VLOOKUP(AS11,dummy_oppeained!B:D,3,0) -> eristav | AX11: =VLOOKUP(AR:AR,hinded_abi!A:D,4,0) -> 4 | AY11: =IF(AW11="eristav",AV11*AX11," ") -> 20 | AZ11: =IF(AW11="eristav",AV11,0) -> 5
A12: S00001 | B12: Pille | C12: Tamm | D12: 51206259631 | E12: Naine | F12: 323 kutsekeskharidus põhihariduse baasil | G12: Jah | H12: Jah | I12: Jah | J12: 45765 | K12: 45835 | L12: 44137 | M12: Õppekoormuse muutmine | N12: Tervislikel põhjustel | O12: O21sügis | P12: Katkestanud | Q12: 44531 | R12: Eksternõpe | S12: Osakoormus | T12: Õenduse õppetool | U12: Tegevusterapeut | V12: 3311 | W12: 514 rakenduskõrgharidusõpe | X12: NULL | Y12: 2 | Z12: SF programmist „PRÕM“ rahastatav õppekoht: õpipoisiõpe | AA12: eesti keel | AB12: 0.9 | AC12: Jah | AD12: liikumispuue | AE12: NULL | AF12: 185 | AG12: 30 | AH12: 3.1 | AI12: 4.4 | AJ12: 3.3 | AK12: 3.3 | AL12: 4 | AM12: 1 | AN12: 4 | AO12: 10 | AP12: 43 | AQ12: 4 | AR12: Hea C | AS12: õppeaine39 | AT12: õppeaine39 | AU12: 45564 | AV12: =VLOOKUP(dummy_yherealine!$AT12,dummy_oppeained!B:C,2,0) -> 5 | AW12: =VLOOKUP(AS12,dummy_oppeained!B:D,3,0) -> eristav | AX12: =VLOOKUP(AR:AR,hinded_abi!A:D,4,0) -> 3 | AY12: =IF(AW12="eristav",AV12*AX12," ") -> 15 | AZ12: =IF(AW12="eristav",AV12,0) -> 5
A13: S00001 | B13: Pille | C13: Tamm | D13: 51206259631 | E13: Naine | F13: 323 kutsekeskharidus põhihariduse baasil | G13: Jah | H13: Jah | I13: Jah | J13: 45765 | K13: 45835 | L13: 44137 | M13: Õppekoormuse muutmine | N13: Tervislikel põhjustel | O13: O21sügis | P13: Katkestanud | Q13: 44531 | R13: Eksternõpe | S13: Osakoormus | T13: Õenduse õppetool | U13: Tegevusterapeut | V13: 3311 | W13: 514 rakenduskõrgharidusõpe | X13: NULL | Y13: 2 | Z13: SF programmist „PRÕM“ rahastatav õppekoht: õpipoisiõpe | AA13: eesti keel | AB13: 0.9 | AC13: Jah | AD13: liikumispuue | AE13: NULL | AF13: 185 | AG13: 30 | AH13: 3.1 | AI13: 4.4 | AJ13: 3.3 | AK13: 3.3 | AL13: 4 | AM13: 1 | AN13: 4 | AO13: 10 | AP13: 43 | AQ13: 4 | AR13: Arvestatud A | AS13: õppeaine3 | AT13: õppeaine3 | AU13: 45638 | AV13: =VLOOKUP(dummy_yherealine!$AT13,dummy_oppeained!B:C,2,0) -> 3 | AW13: =VLOOKUP(AS13,dummy_oppeained!B:D,3,0) -> mitteeristav | AX13: =VLOOKUP(AR:AR,hinded_abi!A:D,4,0) -> NULL | AY13: =IF(AW13="eristav",AV13*AX13," ") | AZ13: =IF(AW13="eristav",AV13,0) -> 0
... A27: S00001 | B27: Pille | C27: Tamm | D27: 51206259631 | E27: Naine | F27: 323 kutsekeskharidus põhihariduse baasil | G27: Jah | H27: Jah | I27: Jah | J27: 45765 | K27: 45835 | L27: 44137 | M27: Õppekoormuse muutmine | N27: Tervislikel põhjustel | O27: O21sügis | P27: Katkestanud | Q27: 44531 | R27: Eksternõpe | S27: Osakoormus | T27: Õenduse õppetool | U27: Tegevusterapeut | V27: 3311 | W27: 514 rakenduskõrgharidusõpe | X27: NULL | Y27: 4 | Z27: SF programmist „PRÕM“ rahastatav õppekoht: õpipoisiõpe | AA27: eesti keel | AB27: 0.6 | AC27: Jah | AD27: liikumispuue | AE27: NULL | AF27: 185 | AG27: 29 | AH27: 3.1 | AI27: 4.4 | AJ27: 3.3 | AK27: 3.9 | AL27: 4 | AM27: 3 | AN27: 4 | AO27: 3 | AP27: 27 | AQ27: 4 | AR27: Puudulik F | AS27: õppeaine98 | AT27: õppeaine98 | AU27: 44389 | AV27: =VLOOKUP(dummy_yherealine!$AT27,dummy_oppeained!B:C,2,0) -> 6 | AW27: =VLOOKUP(AS27,dummy_oppeained!B:D,3,0) -> eristav | AX27: =VLOOKUP(AR:AR,hinded_abi!A:D,4,0) -> 0 | AY27: =IF(AW27="eristav",AV27*AX27," ") -> 0 | AZ27: =IF(AW27="eristav",AV27,0) -> 6
A28: S00002 | B28: Anna | C28: Pärn | D28: 53609056192 | E28: Naine | F28: 412 kutseõpe keskhariduse baasil | G28: Jah | H28: Ei | I28: Jah | J28: 44538 | K28: NULL | L28: 44504 | M28: Tugimeetmete rakendamine | N28: NULL | O28: O21sügis | P28: Akadeemilisel | Q28: 44123 | R28: t | S28: Täiskoormus | T28: Meditsiinitehnilise hariduse keskus | U28: Tegevusterapeut | V28: 3311 | W28: 514 rakenduskõrgharidusõpe | X28: NULL | Y28: 1 | Z28: Üliõpilaselt nõutakse õppekulude hüvitamist tasulisel õppekohal | AA28: eesti keel | AB28: 0.2 | AC28: Jah | AD28: liikumispuue | AE28: NULL | AF28: 184 | AG28: 33 | AH28: 4.9 | AI28: 4.0 | AJ28: 5.0 | AK28: 4.9 | AL28: 3 | AM28: 2 | AN28: 17 | AO28: 2 | AP28: 48 | AQ28: 9 | AR28: Arvestatud A | AS28: õppeaine60 | AT28: õppeaine60 | AU28: 45793 | AV28: =VLOOKUP(dummy_yherealine!$AT28,dummy_oppeained!B:C,2,0) -> 2 | AW28: =VLOOKUP(AS28,dummy_oppeained!B:D,3,0) -> mitteeristav | AX28: =VLOOKUP(AR:AR,hinded_abi!A:D,4,0) -> NULL | AY28: =IF(AW28="eristav",AV28*AX28," ") | AZ28: =IF(AW28="eristav",AV28,0) -> 0
A29: S00002 | B29: Anna | C29: Pärn | D29: 53609056192 | E29: Naine | F29: 412 kutseõpe keskhariduse baasil | G29: Jah | H29: Ei | I29: Jah | J29: 44538 | K29: NULL | L29: 44504 | M29: Tugimeetmete rakendamine | N29: NULL | O29: O21sügis | P29: Akadeemilisel | Q29: 44123 | R29: t | S29: Täiskoormus | T29: Meditsiinitehnilise hariduse keskus | U29: Tegevusterapeut | V29: 3311 | W29: 514 rakenduskõrgharidusõpe | X29: NULL | Y29: 1 | Z29: Üliõpilaselt nõutakse õppekulude hüvitamist tasulisel õppekohal | AA29: eesti keel | AB29: 0.2 | AC29: Jah | AD29: liikumispuue | AE29: NULL | AF29: 184 | AG29: 33 | AH29: 4.9 | AI29: 4.0 | AJ29: 5.0 | AK29: 4.9 | AL29: 3 | AM29: 2 | AN29: 17 | AO29: 2 | AP29: 48 | AQ29: 9 | AR29: Puudulik F | AS29: õppeaine13 | AT29: õppeaine13 | AU29: 45448 | AV29: =VLOOKUP(dummy_yherealine!$AT29,dummy_oppeained!B:C,2,0) -> 6 | AW29: =VLOOKUP(AS29,dummy_oppeained!B:D,3,0) -> eristav | AX29: =VLOOKUP(AR:AR,hinded_abi!A:D,4,0) -> 0 | AY29: =IF(AW29="eristav",AV29*AX29," ") -> 0 | AZ29: =IF(AW29="eristav",AV29,0) -> 6
A30: S00002 | B30: Anna | C30: Pärn | D30: 53609056192 | E30: Naine | F30: 412 kutseõpe keskhariduse baasil | G30: Jah | H30: Ei | I30: Jah | J30: 44538 | K30: NULL | L30: 44504 | M30: Tugimeetmete rakendamine | N30: NULL | O30: O21sügis | P30: Akadeemilisel | Q30: 44123 | R30: t | S30: Täiskoormus | T30: Meditsiinitehnilise hariduse keskus | U30: Tegevusterapeut | V30: 3311 | W30: 514 rakenduskõrgharidusõpe | X30: NULL | Y30: 1 | Z30: Üliõpilaselt nõutakse õppekulude hüvitamist tasulisel õppekohal | AA30: eesti keel | AB30: 0.2 | AC30: Jah | AD30: liikumispuue | AE30: NULL | AF30: 184 | AG30: 33 | AH30: 4.9 | AI30: 4.0 | AJ30: 5.0 | AK30: 4.9 | AL30: 3 | AM30: 2 | AN30: 17 | AO30: 2 | AP30: 48 | AQ30: 9 | AR30: Arvestatud A | AS30: õppeaine46 | AT30: õppeaine46 | AU30: 44286 | AV30: =VLOOKUP(dummy_yherealine!$AT30,dummy_oppeained!B:C,2,0) -> 2 | AW30: =VLOOKUP(AS30,dummy_oppeained!B:D,3,0) -> mitteeristav | AX30: =VLOOKUP(AR:AR,hinded_abi!A:D,4,0) -> NULL | AY30: =IF(AW30="eristav",AV30*AX30," ") | AZ30: =IF(AW30="eristav",AV30,0) -> 0
A31: S00002 | B31: Anna | C31: Pärn | D31: 53609056192 | E31: Naine | F31: 412 kutseõpe keskhariduse baasil | G31: Jah | H31: Ei | I31: Jah | J31: 44538 | K31: NULL | L31: 44504 | M31: Tugimeetmete rakendamine | N31: NULL | O31: O21sügis | P31: Akadeemilisel | Q31: 44123 | R31: t | S31: Täiskoormus | T31: Meditsiinitehnilise hariduse keskus | U31: Tegevusterapeut | V31: 3311 | W31: 514 rakenduskõrgharidusõpe | X31: NULL | Y31: 1 | Z31: Üliõpilaselt nõutakse õppekulude hüvitamist tasulisel õppekohal | AA31: eesti keel | AB31: 0.2 | AC31: Jah | AD31: liikumispuue | AE31: NULL | AF31: 184 | AG31: 33 | AH31: 4.9 | AI31: 4.0 | AJ31: 5.0 | AK31: 4.9 | AL31: 3 | AM31: 2 | AN31: 17 | AO31: 2 | AP31: 48 | AQ31: 9 | AR31: Arvestatud A | AS31: õppeaine18 | AT31: õppeaine18 | AU31: 44802 | AV31: =VLOOKUP(dummy_yherealine!$AT31,dummy_oppeained!B:C,2,0) -> 2 | AW31: =VLOOKUP(AS31,dummy_oppeained!B:D,3,0) -> mitteeristav | AX31: =VLOOKUP(AR:AR,hinded_abi!A:D,4,0) -> NULL | AY31: =IF(AW31="eristav",AV31*AX31," ") | AZ31: =IF(AW31="eristav",AV31,0) -> 0
A32: S00002 | B32: Anna | C32: Pärn | D32: 53609056192 | E32: Naine | F32: 412 kutseõpe keskhariduse baasil | G32: Jah | H32: Ei | I32: Jah | J32: 44538 | K32: NULL | L32: 44504 | M32: Tugimeetmete rakendamine | N32: NULL | O32: O21sügis | P32: Akadeemilisel | Q32: 44123 | R32: t | S32: Täiskoormus | T32: Meditsiinitehnilise hariduse keskus | U32: Tegevusterapeut | V32: 3311 | W32: 514 rakenduskõrgharidusõpe | X32: NULL | Y32: 1 | Z32: Üliõpilaselt nõutakse õppekulude hüvitamist tasulisel õppekohal | AA32: eesti keel | AB32: 0.2 | AC32: Jah | AD32: liikumispuue | AE32: NULL | AF32: 184 | AG32: 33 | AH32: 4.9 | AI32: 4.0 | AJ32: 5.0 | AK32: 4.9 | AL32: 3 | AM32: 2 | AN32: 17 | AO32: 2 | AP32: 48 | AQ32: 9 | AR32: Mitteilmunud MI | AS32: õppeaine50 | AT32: õppeaine50 | AU32: 44615 | AV32: =VLOOKUP(dummy_yherealine!$AT32,dummy_oppeained!B:C,2,0) -> 6 | AW32: =VLOOKUP(AS32,dummy_oppeained!B:D,3,0) -> eristav | AX32: =VLOOKUP(AR:AR,hinded_abi!A:D,4,0) -> 0 | AY32: =IF(AW32="eristav",AV32*AX32," ") -> 0 | AZ32: =IF(AW32="eristav",AV32,0) -> 6
A33: S00002 | B33: Anna | C33: Pärn | D33: 53609056192 | E33: Naine | F33: 412 kutseõpe keskhariduse baasil | G33: Jah | H33: Ei | I33: Jah | J33: 44538 | K33: NULL | L33: 44504 | M33: Tugimeetmete rakendamine | N33: NULL | O33: O21sügis | P33: Akadeemilisel | Q33: 44123 | R33: t | S33: Täiskoormus | T33: Meditsiinitehnilise hariduse keskus | U33: Tegevusterapeut | V33: 3311 | W33: 514 rakenduskõrgharidusõpe | X33: NULL | Y33: 1 | Z33: Üliõpilaselt nõutakse õppekulude hüvitamist tasulisel õppekohal | AA33: eesti keel | AB33: 0.2 | AC33: Jah | AD33: liikumispuue | AE33: NULL | AF33: 184 | AG33: 33 | AH33: 4.9 | AI33: 4.0 | AJ33: 5.0 | AK33: 4.9 | AL33: 3 | AM33: 2 | AN33: 17 | AO33: 2 | AP33: 48 | AQ33: 9 | AR33: Suurepärane A | AS33: õppeaine81 | AT33: õppeaine81 | AU33: 44877 | AV33: =VLOOKUP(dummy_yherealine!$AT33,dummy_oppeained!B:C,2,0) -> 5 | AW33: =VLOOKUP(AS33,dummy_oppeained!B:D,3,0) -> eristav | AX33: =VLOOKUP(AR:AR,hinded_abi!A:D,4,0) -> 5 | AY33: =IF(AW33="eristav",AV33*AX33," ") -> 25 | AZ33: =IF(AW33="eristav",AV33,0) -> 5
A34: S00002 | B34: Anna | C34: Pärn | D34: 53609056192 | E34: Naine | F34: 412 kutseõpe keskhariduse baasil | G34: Jah | H34: Ei | I34: Jah | J34: 44538 | K34: NULL | L34: 44504 | M34: Tugimeetmete rakendamine | N34: NULL | O34: O21sügis | P34: Akadeemilisel | Q34: 44123 | R34: t | S34: Täiskoormus | T34: Meditsiinitehnilise hariduse keskus | U34: Tegevusterapeut | V34: 3311 | W34: 514 rakenduskõrgharidusõpe | X34: NULL | Y34: 1 | Z34: Üliõpilaselt nõutakse õppekulude hüvitamist tasulisel õppekohal | AA34: eesti keel | AB34: 0.2 | AC34: Jah | AD34: liikumispuue | AE34: NULL | AF34: 184 | AG34: 33 | AH34: 4.9 | AI34: 4.0 | AJ34: 5.0 | AK34: 4.9 | AL34: 3 | AM34: 2 | AN34: 17 | AO34: 2 | AP34: 48 | AQ34: 9 | AR34: Arvestatud A | AS34: õppeaine76 | AT34: õppeaine76 | AU34: 45062 | AV34: =VLOOKUP(dummy_yherealine!$AT34,dummy_oppeained!B:C,2,0) -> 3 | AW34: =VLOOKUP(AS34,dummy_oppeained!B:D,3,0) -> mitteeristav | AX34: =VLOOKUP(AR:AR,hinded_abi!A:D,4,0) -> NULL | AY34: =IF(AW34="eristav",AV34*AX34," ") | AZ34: =IF(AW34="eristav",AV34,0) -> 0
A35: S00002 | B35: Anna | C35: Pärn | D35: 53609056192 | E35: Naine | F35: 412 kutseõpe keskhariduse baasil | G35: Jah | H35: Ei | I35: Jah | J35: 44538 | K35: NULL | L35: 44504 | M35: Tugimeetmete rakendamine | N35: NULL | O35: O21sügis | P35: Akadeemilisel | Q35: 44123 | R35: t | S35: Täiskoormus | T35: Meditsiinitehnilise hariduse keskus | U35: Tegevusterapeut | V35: 3311 | W35: 514 rakenduskõrgharidusõpe | X35: NULL | Y35: 1 | Z35: Üliõpilaselt nõutakse õppekulude hüvitamist tasulisel õppekohal | AA35: eesti keel | AB35: 0.2 | AC35: Jah | AD35: liikumispuue | AE35: NULL | AF35: 184 | AG35: 33 | AH35: 4.9 | AI35: 4.0 | AJ35: 5.0 | AK35: 4.9 | AL35: 3 | AM35: 2 | AN35: 17 | AO35: 2 | AP35: 48 | AQ35: 9 | AR35: Hea C | AS35: õppeaine67 | AT35: õppeaine67 | AU35: 44499 | AV35: =VLOOKUP(dummy_yherealine!$AT35,dummy_oppeained!B:C,2,0) -> 5 | AW35: =VLOOKUP(AS35,dummy_oppeained!B:D,3,0) -> eristav | AX35: =VLOOKUP(AR:AR,hinded_abi!A:D,4,0) -> 3 | AY35: =IF(AW35="eristav",AV35*AX35," ") -> 15 | AZ35: =IF(AW35="eristav",AV35,0) -> 5
A36: S00002 | B36: Anna | C36: Pärn | D36: 53609056192 | E36: Naine | F36: 412 kutseõpe keskhariduse baasil | G36: Jah | H36: Ei | I36: Jah | J36: 44538 | K36: NULL | L36: 44504 | M36: Tugimeetmete rakendamine | N36: NULL | O36: O21sügis | P36: Akadeemilisel | Q36: 44123 | R36: t | S36: Täiskoormus | T36: Meditsiinitehnilise hariduse keskus | U36: Tegevusterapeut | V36: 3311 | W36: 514 rakenduskõrgharidusõpe | X36: NULL | Y36: 1 | Z36: Üliõpilaselt nõutakse õppekulude hüvitamist tasulisel õppekohal | AA36: eesti keel | AB36: 0.2 | AC36: Jah | AD36: liikumispuue | AE36: NULL | AF36: 184 | AG36: 33 | AH36: 4.9 | AI36: 4.0 | AJ36: 5.0 | AK36: 4.9 | AL36: 3 | AM36: 2 | AN36: 17 | AO36: 2 | AP36: 48 | AQ36: 9 | AR36: Mitteilmunud MI | AS36: õppeaine7 | AT36: õppeaine7 | AU36: 44359 | AV36: =VLOOKUP(dummy_yherealine!$AT36,dummy_oppeained!B:C,2,0) -> 3 | AW36: =VLOOKUP(AS36,dummy_oppeained!B:D,3,0) -> mitteeristav | AX36: =VLOOKUP(AR:AR,hinded_abi!A:D,4,0) -> 0 | AY36: =IF(AW36="eristav",AV36*AX36," ") | AZ36: =IF(AW36="eristav",AV36,0) -> 0
A37: S00002 | B37: Anna | C37: Pärn | D37: 53609056192 | E37: Naine | F37: 412 kutseõpe keskhariduse baasil | G37: Jah | H37: Ei | I37: Jah | J37: 44538 | K37: NULL | L37: 44504 | M37: Tugimeetmete rakendamine | N37: NULL | O37: O21sügis | P37: Akadeemilisel | Q37: 44123 | R37: t | S37: Täiskoormus | T37: Meditsiinitehnilise hariduse keskus | U37: Tegevusterapeut | V37: 3311 | W37: 514 rakenduskõrgharidusõpe | X37: NULL | Y37: 1 | Z37: Üliõpilaselt nõutakse õppekulude hüvitamist tasulisel õppekohal | AA37: eesti keel | AB37: 0.2 | AC37: Jah | AD37: liikumispuue | AE37: NULL | AF37: 184 | AG37: 33 | AH37: 4.9 | AI37: 4.0 | AJ37: 5.0 | AK37: 4.9 | AL37: 3 | AM37: 2 | AN37: 17 | AO37: 2 | AP37: 48 | AQ37: 9 | AR37: Kasin E | AS37: õppeaine36 | AT37: õppeaine36 | AU37: 44194 | AV37: =VLOOKUP(dummy_yherealine!$AT37,dummy_oppeained!B:C,2,0) -> 6 | AW37: =VLOOKUP(AS37,dummy_oppeained!B:D,3,0) -> eristav | AX37: =VLOOKUP(AR:AR,hinded_abi!A:D,4,0) -> 1 | AY37: =IF(AW37="eristav",AV37*AX37," ") -> 6 | AZ37: =IF(AW37="eristav",AV37,0) -> 6
A38: S00002 | B38: Anna | C38: Pärn | D38: 53609056192 | E38: Naine | F38: 412 kutseõpe keskhariduse baasil | G38: Jah | H38: Ei | I38: Jah | J38: 44538 | K38: NULL | L38: 44504 | M38: Tugimeetmete rakendamine | N38: NULL | O38: O21sügis | P38: Akadeemilisel | Q38: 44123 | R38: t | S38: Täiskoormus | T38: Meditsiinitehnilise hariduse keskus | U38: Tegevusterapeut | V38: 3311 | W38: 514 rakenduskõrgharidusõpe | X38: NULL | Y38: 1 | Z38: Üliõpilaselt nõutakse õppekulude hüvitamist tasulisel õppekohal | AA38: eesti keel | AB38: 0.2 | AC38: Jah | AD38: liikumispuue | AE38: NULL | AF38: 184 | AG38: 33 | AH38: 4.9 | AI38: 4.0 | AJ38: 5.0 | AK38: 4.9 | AL38: 3 | AM38: 2 | AN38: 17 | AO38: 2 | AP38: 48 | AQ38: 9 | AR38: Kasin E | AS38: õppeaine38 | AT38: õppeaine38 | AU38: 45084 | AV38: =VLOOKUP(dummy_yherealine!$AT38,dummy_oppeained!B:C,2,0) -> 9 | AW38: =VLOOKUP(AS38,dummy_oppeained!B:D,3,0) -> eristav | AX38: =VLOOKUP(AR:AR,hinded_abi!A:D,4,0) -> 1 | AY38: =IF(AW38="eristav",AV38*AX38," ") -> 9 | AZ38: =IF(AW38="eristav",AV38,0) -> 9
A39: S00002 | B39: Anna | C39: Pärn | D39: 53609056192 | E39: Naine | F39: 412 kutseõpe keskhariduse baasil | G39: Jah | H39: Ei | I39: Jah | J39: 44538 | K39: NULL | L39: 44504 | M39: Tugimeetmete rakendamine | N39: NULL | O39: O21sügis | P39: Akadeemilisel | Q39: 44123 | R39: t | S39: Täiskoormus | T39: Meditsiinitehnilise hariduse keskus | U39: Tegevusterapeut | V39: 3311 | W39: 514 rakenduskõrgharidusõpe | X39: NULL | Y39: 1 | Z39: Üliõpilaselt nõutakse õppekulude hüvitamist tasulisel õppekohal | AA39: eesti keel | AB39: 0.2 | AC39: Jah | AD39: liikumispuue | AE39: NULL | AF39: 184 | AG39: 33 | AH39: 4.9 | AI39: 4.0 | AJ39: 5.0 | AK39: 4.9 | AL39: 3 | AM39: 2 | AN39: 17 | AO39: 2 | AP39: 48 | AQ39: 9 | AR39: Väga hea B | AS39: õppeaine56 | AT39: õppeaine56 | AU39: 44304 | AV39: =VLOOKUP(dummy_yherealine!$AT39,dummy_oppeained!B:C,2,0) -> 6 | AW39: =VLOOKUP(AS39,dummy_oppeained!B:D,3,0) -> eristav | AX39: =VLOOKUP(AR:AR,hinded_abi!A:D,4,0) -> 4 | AY39: =IF(AW39="eristav",AV39*AX39," ") -> 24 | AZ39: =IF(AW39="eristav",AV39,0) -> 6
... A64: S00002 | B64: Anna | C64: Pärn | D64: 53609056192 | E64: Naine | F64: 412 kutseõpe keskhariduse baasil | G64: Jah | H64: Ei | I64: Jah | J64: 44538 | K64: NULL | L64: 44504 | M64: Tugimeetmete rakendamine | N64: NULL | O64: O21sügis | P64: Akadeemilisel | Q64: 44123 | R64: t | S64: Täiskoormus | T64: Meditsiinitehnilise hariduse keskus | U64: Tegevusterapeut | V64: 3311 | W64: 514 rakenduskõrgharidusõpe | X64: NULL | Y64: 4 | Z64: Üliõpilaselt nõutakse õppekulude hüvitamist tasulisel õppekohal | AA64: eesti keel | AB64: 0.2 | AC64: Jah | AD64: liikumispuue | AE64: NULL | AF64: 184 | AG64: 34 | AH64: 4.9 | AI64: 3.9 | AJ64: 5.0 | AK64: 3.7 | AL64: 3 | AM64: 1 | AN64: 17 | AO64: 9 | AP64: 42 | AQ64: 9 | AR64: Suurepärane A | AS64: õppeaine70 | AT64: õppeaine70 | AU64: 45740 | AV64: =VLOOKUP(dummy_yherealine!$AT64,dummy_oppeained!B:C,2,0) -> 6 | AW64: =VLOOKUP(AS64,dummy_oppeained!B:D,3,0) -> eristav | AX64: =VLOOKUP(AR:AR,hinded_abi!A:D,4,0) -> 5 | AY64: =IF(AW64="eristav",AV64*AX64," ") -> 30 | AZ64: =IF(AW64="eristav",AV64,0) -> 6
A65: S00003 | B65: Anna | C65: Mägi | D65: 53105112627 | E65: Naine | F65: 411 kutsekeskharidusõpe | G65: Jah | H65: Ei | I65: Jah | J65: 45641 | K65: 45711 | L65: 44655 | M65: Stipendiumi/õppetoetuse määramine | N65: Õppetööle mitteilmumine | O65: O21sügis | P65: Katkestanud | Q65: 45354 | R65: t | S65: Osakoormus | T65: Õenduse õppetool | U65: Hambatehnik | V65: 80166 | W65: 514 rakenduskõrgharidusõpe | X65: NULL | Y65: 1 | Z65: Üliõpilane ei hüvita õppekulusid: õpib täies mahus eestikeelsel õppekaval | AA65: eesti keel | AB65: 0.8 | AC65: Ei | AD65: NULL | AE65: ABC OÜ | AF65: 178 | AG65: 55 | AH65: 3.9 | AI65: 4.4 | AJ65: 4.2 | AK65: 3.9 | AL65: 5 | AM65: 2 | AN65: 2 | AO65: 5 | AP65: 45 | AQ65: 10 | AR65: Arvestatud A | AS65: õppeaine90 | AT65: õppeaine90 | AU65: 44354 | AV65: =VLOOKUP(dummy_yherealine!$AT65,dummy_oppeained!B:C,2,0) -> 3 | AW65: =VLOOKUP(AS65,dummy_oppeained!B:D,3,0) -> mitteeristav | AX65: =VLOOKUP(AR:AR,hinded_abi!A:D,4,0) -> NULL | AY65: =IF(AW65="eristav",AV65*AX65," ") | AZ65: =IF(AW65="eristav",AV65,0) -> 0
A66: S00003 | B66: Anna | C66: Mägi | D66: 53105112627 | E66: Naine | F66: 411 kutsekeskharidusõpe | G66: Jah | H66: Ei | I66: Jah | J66: 45641 | K66: 45711 | L66: 44655 | M66: Stipendiumi/õppetoetuse määramine | N66: Õppetööle mitteilmumine | O66: O21sügis | P66: Katkestanud | Q66: 45354 | R66: t | S66: Osakoormus | T66: Õenduse õppetool | U66: Hambatehnik | V66: 80166 | W66: 514 rakenduskõrgharidusõpe | X66: NULL | Y66: 1 | Z66: Üliõpilane ei hüvita õppekulusid: õpib täies mahus eestikeelsel õppekaval | AA66: eesti keel | AB66: 0.8 | AC66: Ei | AD66: NULL | AE66: ABC OÜ | AF66: 178 | AG66: 55 | AH66: 3.9 | AI66: 4.4 | AJ66: 4.2 | AK66: 3.9 | AL66: 5 | AM66: 2 | AN66: 2 | AO66: 5 | AP66: 45 | AQ66: 10 | AR66: Kasin E | AS66: õppeaine97 | AT66: õppeaine97 | AU66: 45717 | AV66: =VLOOKUP(dummy_yherealine!$AT66,dummy_oppeained!B:C,2,0) -> 6 | AW66: =VLOOKUP(AS66,dummy_oppeained!B:D,3,0) -> eristav | AX66: =VLOOKUP(AR:AR,hinded_abi!A:D,4,0) -> 1 | AY66: =IF(AW66="eristav",AV66*AX66," ") -> 6 | AZ66: =IF(AW66="eristav",AV66,0) -> 6
A67: S00003 | B67: Anna | C67: Mägi | D67: 53105112627 | E67: Naine | F67: 411 kutsekeskharidusõpe | G67: Jah | H67: Ei | I67: Jah | J67: 45641 | K67: 45711 | L67: 44655 | M67: Stipendiumi/õppetoetuse määramine | N67: Õppetööle mitteilmumine | O67: O21sügis | P67: Katkestanud | Q67: 45354 | R67: t | S67: Osakoormus | T67: Õenduse õppetool | U67: Hambatehnik | V67: 80166 | W67: 514 rakenduskõrgharidusõpe | X67: NULL | Y67: 1 | Z67: Üliõpilane ei hüvita õppekulusid: õpib täies mahus eestikeelsel õppekaval | AA67: eesti keel | AB67: 0.8 | AC67: Ei | AD67: NULL | AE67: ABC OÜ | AF67: 178 | AG67: 55 | AH67: 3.9 | AI67: 4.4 | AJ67: 4.2 | AK67: 3.9 | AL67: 5 | AM67: 2 | AN67: 2 | AO67: 5 | AP67: 45 | AQ67: 10 | AR67: Kasin E | AS67: õppeaine65 | AT67: õppeaine65 | AU67: 45138 | AV67: =VLOOKUP(dummy_yherealine!$AT67,dummy_oppeained!B:C,2,0) -> 8 | AW67: =VLOOKUP(AS67,dummy_oppeained!B:D,3,0) -> eristav | AX67: =VLOOKUP(AR:AR,hinded_abi!A:D,4,0) -> 1 | AY67: =IF(AW67="eristav",AV67*AX67," ") -> 8 | AZ67: =IF(AW67="eristav",AV67,0) -> 8
A68: S00003 | B68: Anna | C68: Mägi | D68: 53105112627 | E68: Naine | F68: 411 kutsekeskharidusõpe | G68: Jah | H68: Ei | I68: Jah | J68: 45641 | K68: 45711 | L68: 44655 | M68: Stipendiumi/õppetoetuse määramine | N68: Õppetööle mitteilmumine | O68: O21sügis | P68: Katkestanud | Q68: 45354 | R68: t | S68: Osakoormus | T68: Õenduse õppetool | U68: Hambatehnik | V68: 80166 | W68: 514 rakenduskõrgharidusõpe | X68: NULL | Y68: 1 | Z68: Üliõpilane ei hüvita õppekulusid: õpib täies mahus eestikeelsel õppekaval | AA68: eesti keel | AB68: 0.8 | AC68: Ei | AD68: NULL | AE68: ABC OÜ | AF68: 178 | AG68: 55 | AH68: 3.9 | AI68: 4.4 | AJ68: 4.2 | AK68: 3.9 | AL68: 5 | AM68: 2 | AN68: 2 | AO68: 5 | AP68: 45 | AQ68: 10 | AR68: Rahuldav D | AS68: õppeaine96 | AT68: õppeaine96 | AU68: 45457 | AV68: =VLOOKUP(dummy_yherealine!$AT68,dummy_oppeained!B:C,2,0) -> 5 | AW68: =VLOOKUP(AS68,dummy_oppeained!B:D,3,0) -> eristav | AX68: =VLOOKUP(AR:AR,hinded_abi!A:D,4,0) -> 2 | AY68: =IF(AW68="eristav",AV68*AX68," ") -> 10 | AZ68: =IF(AW68="eristav",AV68,0) -> 5
A69: S00003 | B69: Anna | C69: Mägi | D69: 53105112627 | E69: Naine | F69: 411 kutsekeskharidusõpe | G69: Jah | H69: Ei | I69: Jah | J69: 45641 | K69: 45711 | L69: 44655 | M69: Stipendiumi/õppetoetuse määramine | N69: Õppetööle mitteilmumine | O69: O21sügis | P69: Katkestanud | Q69: 45354 | R69: t | S69: Osakoormus | T69: Õenduse õppetool | U69: Hambatehnik | V69: 80166 | W69: 514 rakenduskõrgharidusõpe | X69: NULL | Y69: 1 | Z69: Üliõpilane ei hüvita õppekulusid: õpib täies mahus eestikeelsel õppekaval | AA69: eesti keel | AB69: 0.8 | AC69: Ei | AD69: NULL | AE69: ABC OÜ | AF69: 178 | AG69: 55 | AH69: 3.9 | AI69: 4.4 | AJ69: 4.2 | AK69: 3.9 | AL69: 5 | AM69: 2 | AN69: 2 | AO69: 5 | AP69: 45 | AQ69: 10 | AR69: Arvestatud A | AS69: õppeaine85 | AT69: õppeaine85 | AU69: 44308 | AV69: =VLOOKUP(dummy_yherealine!$AT69,dummy_oppeained!B:C,2,0) -> 3 | AW69: =VLOOKUP(AS69,dummy_oppeained!B:D,3,0) -> mitteeristav | AX69: =VLOOKUP(AR:AR,hinded_abi!A:D,4,0) -> NULL | AY69: =IF(AW69="eristav",AV69*AX69," ") | AZ69: =IF(AW69="eristav",AV69,0) -> 0
A70: S00003 | B70: Anna | C70: Mägi | D70: 53105112627 | E70: Naine | F70: 411 kutsekeskharidusõpe | G70: Jah | H70: Ei | I70: Jah | J70: 45641 | K70: 45711 | L70: 44655 | M70: Stipendiumi/õppetoetuse määramine | N70: Õppetööle mitteilmumine | O70: O21sügis | P70: Katkestanud | Q70: 45354 | R70: t | S70: Osakoormus | T70: Õenduse õppetool | U70: Hambatehnik | V70: 80166 | W70: 514 rakenduskõrgharidusõpe | X70: NULL | Y70: 2 | Z70: Üliõpilane ei hüvita õppekulusid: õpib täies mahus eestikeelsel õppekaval | AA70: eesti keel | AB70: 0.2 | AC70: Ei | AD70: NULL | AE70: ABC OÜ | AF70: 178 | AG70: 29 | AH70: 3.9 | AI70: 3.8 | AJ70: 4.2 | AK70: 3.7 | AL70: 5 | AM70: 2 | AN70: 2 | AO70: 2 | AP70: 56 | AQ70: 10 | AR70: Suurepärane A | AS70: õppeaine54 | AT70: õppeaine54 | AU70: 44115 | AV70: =VLOOKUP(dummy_yherealine!$AT70,dummy_oppeained!B:C,2,0) -> 5 | AW70: =VLOOKUP(AS70,dummy_oppeained!B:D,3,0) -> eristav | AX70: =VLOOKUP(AR:AR,hinded_abi!A:D,4,0) -> 5 | AY70: =IF(AW70="eristav",AV70*AX70," ") -> 25 | AZ70: =IF(AW70="eristav",AV70,0) -> 5
A71: S00003 | B71: Anna | C71: Mägi | D71: 53105112627 | E71: Naine | F71: 411 kutsekeskharidusõpe | G71: Jah | H71: Ei | I71: Jah | J71: 45641 | K71: 45711 | L71: 44655 | M71: Stipendiumi/õppetoetuse määramine | N71: Õppetööle mitteilmumine | O71: O21sügis | P71: Katkestanud | Q71: 45354 | R71: t | S71: Osakoormus | T71: Õenduse õppetool | U71: Hambatehnik | V71: 80166 | W71: 514 rakenduskõrgharidusõpe | X71: NULL | Y71: 2 | Z71: Üliõpilane ei hüvita õppekulusid: õpib täies mahus eestikeelsel õppekaval | AA71: eesti keel | AB71: 0.2 | AC71: Ei | AD71: NULL | AE71: ABC OÜ | AF71: 178 | AG71: 29 | AH71: 3.9 | AI71: 3.8 | AJ71: 4.2 | AK71: 3.7 | AL71: 5 | AM71: 2 | AN71: 2 | AO71: 2 | AP71: 56 | AQ71: 10 | AR71: Hea C | AS71: õppeaine26 | AT71: õppeaine26 | AU71: 45586 | AV71: =VLOOKUP(dummy_yherealine!$AT71,dummy_oppeained!B:C,2,0) -> 5 | AW71: =VLOOKUP(AS71,dummy_oppeained!B:D,3,0) -> eristav | AX71: =VLOOKUP(AR:AR,hinded_abi!A:D,4,0) -> 3 | AY71: =IF(AW71="eristav",AV71*AX71," ") -> 15 | AZ71: =IF(AW71="eristav",AV71,0) -> 5
A72: S00003 | B72: Anna | C72: Mägi | D72: 53105112627 | E72: Naine | F72: 411 kutsekeskharidusõpe | G72: Jah | H72: Ei | I72: Jah | J72: 45641 | K72: 45711 | L72: 44655 | M72: Stipendiumi/õppetoetuse määramine | N72: Õppetööle mitteilmumine | O72: O21sügis | P72: Katkestanud | Q72: 45354 | R72: t | S72: Osakoormus | T72: Õenduse õppetool | U72: Hambatehnik | V72: 80166 | W72: 514 rakenduskõrgharidusõpe | X72: NULL | Y72: 3 | Z72: Üliõpilane ei hüvita õppekulusid: õpib täies mahus eestikeelsel õppekaval | AA72: eesti keel | AB72: 0.5 | AC72: Ei | AD72: NULL | AE72: ABC OÜ | AF72: 178 | AG72: 50 | AH72: 3.9 | AI72: 4.1 | AJ72: 4.2 | AK72: 3.4 | AL72: 5 | AM72: 0 | AN72: 2 | AO72: 8 | AP72: 24 | AQ72: 10 | AR72: Mitteilmunud MI | AS72: õppeaine87 | AT72: õppeaine87 | AU72: 44499 | AV72: =VLOOKUP(dummy_yherealine!$AT72,dummy_oppeained!B:C,2,0) -> 3 | AW72: =VLOOKUP(AS72,dummy_oppeained!B:D,3,0) -> mitteeristav | AX72: =VLOOKUP(AR:AR,hinded_abi!A:D,4,0) -> 0 | AY72: =IF(AW72="eristav",AV72*AX72," ") | AZ72: =IF(AW72="eristav",AV72,0) -> 0
A73: S00003 | B73: Anna | C73: Mägi | D73: 53105112627 | E73: Naine | F73: 411 kutsekeskharidusõpe | G73: Jah | H73: Ei | I73: Jah | J73: 45641 | K73: 45711 | L73: 44655 | M73: Stipendiumi/õppetoetuse määramine | N73: Õppetööle mitteilmumine | O73: O21sügis | P73: Katkestanud | Q73: 45354 | R73: t | S73: Osakoormus | T73: Õenduse õppetool | U73: Hambatehnik | V73: 80166 | W73: 514 rakenduskõrgharidusõpe | X73: NULL | Y73: 3 | Z73: Üliõpilane ei hüvita õppekulusid: õpib täies mahus eestikeelsel õppekaval | AA73: eesti keel | AB73: 0.5 | AC73: Ei | AD73: NULL | AE73: ABC OÜ | AF73: 178 | AG73: 50 | AH73: 3.9 | AI73: 4.1 | AJ73: 4.2 | AK73: 3.4 | AL73: 5 | AM73: 0 | AN73: 2 | AO73: 8 | AP73: 24 | AQ73: 10 | AR73: Arvestatud A | AS73: õppeaine20 | AT73: õppeaine20 | AU73: 44955 | AV73: =VLOOKUP(dummy_yherealine!$AT73,dummy_oppeained!B:C,2,0) -> 3 | AW73: =VLOOKUP(AS73,dummy_oppeained!B:D,3,0) -> mitteeristav | AX73: =VLOOKUP(AR:AR,hinded_abi!A:D,4,0) -> NULL | AY73: =IF(AW73="eristav",AV73*AX73," ") | AZ73: =IF(AW73="eristav",AV73,0) -> 0
A74: S00004 | B74: Laura | C74: Sepp | D74: 53312199981 | E74: Naine | F74: 452 Viienda taseme kutseõppe esmaõpe | G74: Ei | H74: Ei | I74: Jah | J74: 44281 | K74: 44351 | L74: 45771 | M74: Stipendiumi/õppetoetuse määramine | N74: Tervislikel põhjustel | O74: O21sügis | P74: Katkestanud | Q74: 44203 | R74: t | S74: Osakoormus | T74: Tervishariduse keskus | U74: Õde | V74: 1467 | W74: 514 rakenduskõrgharidusõpe | X74: Intensiivõendus | Y74: 1 | Z74: SF programmist „PRÕM“ rahastatav õppekoht: õpipoisiõpe | AA74: eesti keel | AB74: 0.7 | AC74: Jah | AD74: liikumispuue | AE74: DEF AS | AF74: 38 | AG74: 26 | AH74: 4.6 | AI74: 4.5 | AJ74: 4.5 | AK74: 4.8 | AL74: 3 | AM74: 1 | AN74: 3 | AO74: 5 | AP74: 26 | AQ74: 8 | AR74: Väga hea B | AS74: õppeaine2 | AT74: õppeaine2 | AU74: 45276 | AV74: =VLOOKUP(dummy_yherealine!$AT74,dummy_oppeained!B:C,2,0) -> 6 | AW74: =VLOOKUP(AS74,dummy_oppeained!B:D,3,0) -> eristav | AX74: =VLOOKUP(AR:AR,hinded_abi!A:D,4,0) -> 4 | AY74: =IF(AW74="eristav",AV74*AX74," ") -> 24 | AZ74: =IF(AW74="eristav",AV74,0) -> 6
A75: S00004 | B75: Laura | C75: Sepp | D75: 53312199981 | E75: Naine | F75: 452 Viienda taseme kutseõppe esmaõpe | G75: Ei | H75: Ei | I75: Jah | J75: 44281 | K75: 44351 | L75: 45771 | M75: Stipendiumi/õppetoetuse määramine | N75: Tervislikel põhjustel | O75: O21sügis | P75: Katkestanud | Q75: 44203 | R75: t | S75: Osakoormus | T75: Tervishariduse keskus | U75: Õde | V75: 1467 | W75: 514 rakenduskõrgharidusõpe | X75: Intensiivõendus | Y75: 1 | Z75: SF programmist „PRÕM“ rahastatav õppekoht: õpipoisiõpe | AA75: eesti keel | AB75: 0.7 | AC75: Jah | AD75: liikumispuue | AE75: DEF AS | AF75: 38 | AG75: 26 | AH75: 4.6 | AI75: 4.5 | AJ75: 4.5 | AK75: 4.8 | AL75: 3 | AM75: 1 | AN75: 3 | AO75: 5 | AP75: 26 | AQ75: 8 | AR75: Arvestatud A | AS75: õppeaine57 | AT75: õppeaine57 | AU75: 44737 | AV75: =VLOOKUP(dummy_yherealine!$AT75,dummy_oppeained!B:C,2,0) -> 3 | AW75: =VLOOKUP(AS75,dummy_oppeained!B:D,3,0) -> mitteeristav | AX75: =VLOOKUP(AR:AR,hinded_abi!A:D,4,0) -> NULL | AY75: =IF(AW75="eristav",AV75*AX75," ") | AZ75: =IF(AW75="eristav",AV75,0) -> 0
A76: S00004 | B76: Laura | C76: Sepp | D76: 53312199981 | E76: Naine | F76: 452 Viienda taseme kutseõppe esmaõpe | G76: Ei | H76: Ei | I76: Jah | J76: 44281 | K76: 44351 | L76: 45771 | M76: Stipendiumi/õppetoetuse määramine | N76: Tervislikel põhjustel | O76: O21sügis | P76: Katkestanud | Q76: 44203 | R76: t | S76: Osakoormus | T76: Tervishariduse keskus | U76: Õde | V76: 1467 | W76: 514 rakenduskõrgharidusõpe | X76: Intensiivõendus | Y76: 1 | Z76: SF programmist „PRÕM“ rahastatav õppekoht: õpipoisiõpe | AA76: eesti keel | AB76: 0.7 | AC76: Jah | AD76: liikumispuue | AE76: DEF AS | AF76: 38 | AG76: 26 | AH76: 4.6 | AI76: 4.5 | AJ76: 4.5 | AK76: 4.8 | AL76: 3 | AM76: 1 | AN76: 3 | AO76: 5 | AP76: 26 | AQ76: 8 | AR76: Arvestatud A | AS76: õppeaine35 | AT76: õppeaine35 | AU76: 44291 | AV76: =VLOOKUP(dummy_yherealine!$AT76,dummy_oppeained!B:C,2,0) -> 3 | AW76: =VLOOKUP(AS76,dummy_oppeained!B:D,3,0) -> mitteeristav | AX76: =VLOOKUP(AR:AR,hinded_abi!A:D,4,0) -> NULL | AY76: =IF(AW76="eristav",AV76*AX76," ") | AZ76: =IF(AW76="eristav",AV76,0) -> 0
... A105: S00005 | B105: Anna | C105: Tamm | D105: 56108140729 | E105: Naine | F105: 412 kutseõpe keskhariduse baasil | G105: Ei | H105: Jah | I105: Jah | J105: 45723 | K105: 45793 | L105: 44856 | M105: Finantseerimisallika muutmine | N105: NULL | O105: O21sügis | P105: Katkestanud | Q105: 45331 | R105: t | S105: Määramata | T105: Meditsiinitehnilise hariduse keskus | U105: Õde | V105: 1467 | W105: 514 rakenduskõrgharidusõpe | X105: Vaimse tervise õendus | Y105: 4 | Z105: Üliõpilane ei hüvita õppekulusid: õpib täies mahus eestikeelsel õppekaval | AA105: eesti keel | AB105: 0.9 | AC105: Jah | AD105: nägemispuue | AE105: ABC OÜ | AF105: 209 | AG105: 38 | AH105: 4.4 | AI105: 3.7 | AJ105: 3.5 | AK105: 3.7 | AL105: 4 | AM105: 3 | AN105: 11 | AO105: 9 | AP105: 60 | AQ105: 7 | AR105: Rahuldav D | AS105: õppeaine92 | AT105: õppeaine92 | AU105: 45321 | AV105: =VLOOKUP(dummy_yherealine!$AT105,dummy_oppeained!B:C,2,0) -> 6 | AW105: =VLOOKUP(AS105,dummy_oppeained!B:D,3,0) -> eristav | AX105: =VLOOKUP(AR:AR,hinded_abi!A:D,4,0) -> 2 | AY105: =IF(AW105="eristav",AV105*AX105," ") -> 12 | AZ105: =IF(AW105="eristav",AV105,0) -> 6
A106: S00006 | B106: Kati | C106: Laas | D106: 44004055865 | E106: Naine | F106: 514 rakenduskõrgharidusõpe | G106: Ei | H106: Ei | I106: Jah | J106: 44206 | K106: 05.05.2025 | L106: 44466 | M106: Finantseerimisallika muutmine | N106: Tervislikel põhjustel | O106: R20kevad | P106: Lõpetanud | Q106: 45899 | R106: t | S106: Osakoormus | T106: Õenduse õppetool | U106: Farmatseut | V106: 1477 | W106: 514 rakenduskõrgharidusõpe | X106: NULL | Y106: 1 | Z106: Üliõpilaselt nõutakse õppekulude hüvitamist puuduolevate ainepunktide eest | AA106: eesti keel | AB106: 0.6 | AC106: Ei | AD106: NULL | AE106: DEF AS | AF106: 75 | AG106: 56 | AH106: 3.3 | AI106: 4.0 | AJ106: 4.5 | AK106: 4.7 | AL106: 4 | AM106: 1 | AN106: 4 | AO106: 6 | AP106: 60 | AQ106: 2 | AR106: Väga hea B | AS106: õppeaine64 | AT106: õppeaine64 | AU106: 45556 | AV106: =VLOOKUP(dummy_yherealine!$AT106,dummy_oppeained!B:C,2,0) -> 6 | AW106: =VLOOKUP(AS106,dummy_oppeained!B:D,3,0) -> eristav | AX106: =VLOOKUP(AR:AR,hinded_abi!A:D,4,0) -> 4 | AY106: =IF(AW106="eristav",AV106*AX106," ") -> 24 | AZ106: =IF(AW106="eristav",AV106,0) -> 6
A107: S00006 | B107: Kati | C107: Laas | D107: 44004055865 | E107: Naine | F107: 514 rakenduskõrgharidusõpe | G107: Ei | H107: Ei | I107: Jah | J107: 44206 | K107: 05.05.2025 | L107: 44466 | M107: Finantseerimisallika muutmine | N107: Tervislikel põhjustel | O107: R20kevad | P107: Lõpetanud | Q107: 45899 | R107: t | S107: Osakoormus | T107: Õenduse õppetool | U107: Farmatseut | V107: 1477 | W107: 514 rakenduskõrgharidusõpe | X107: NULL | Y107: 1 | Z107: Üliõpilaselt nõutakse õppekulude hüvitamist puuduolevate ainepunktide eest | AA107: eesti keel | AB107: 0.6 | AC107: Ei | AD107: NULL | AE107: DEF AS | AF107: 75 | AG107: 56 | AH107: 3.3 | AI107: 4.0 | AJ107: 4.5 | AK107: 4.7 | AL107: 4 | AM107: 1 | AN107: 4 | AO107: 6 | AP107: 60 | AQ107: 2 | AR107: Arvestatud A | AS107: õppeaine31 | AT107: õppeaine31 | AU107: 45618 | AV107: =VLOOKUP(dummy_yherealine!$AT107,dummy_oppeained!B:C,2,0) -> 3 | AW107: =VLOOKUP(AS107,dummy_oppeained!B:D,3,0) -> mitteeristav | AX107: =VLOOKUP(AR:AR,hinded_abi!A:D,4,0) -> NULL | AY107: =IF(AW107="eristav",AV107*AX107," ") | AZ107: =IF(AW107="eristav",AV107,0) -> 0
A108: S00006 | B108: Kati | C108: Laas | D108: 44004055865 | E108: Naine | F108: 514 rakenduskõrgharidusõpe | G108: Ei | H108: Ei | I108: Jah | J108: 44206 | K108: 05.05.2025 | L108: 44466 | M108: Finantseerimisallika muutmine | N108: Tervislikel põhjustel | O108: R20kevad | P108: Lõpetanud | Q108: 45899 | R108: t | S108: Osakoormus | T108: Õenduse õppetool | U108: Farmatseut | V108: 1477 | W108: 514 rakenduskõrgharidusõpe | X108: NULL | Y108: 1 | Z108: Üliõpilaselt nõutakse õppekulude hüvitamist puuduolevate ainepunktide eest | AA108: eesti keel | AB108: 0.6 | AC108: Ei | AD108: NULL | AE108: DEF AS | AF108: 75 | AG108: 56 | AH108: 3.3 | AI108: 4.0 | AJ108: 4.5 | AK108: 4.7 | AL108: 4 | AM108: 1 | AN108: 4 | AO108: 6 | AP108: 60 | AQ108: 2 | AR108: Mitteilmunud MI | AS108: õppeaine20 | AT108: õppeaine20 | AU108: 45159 | AV108: =VLOOKUP(dummy_yherealine!$AT108,dummy_oppeained!B:C,2,0) -> 3 | AW108: =VLOOKUP(AS108,dummy_oppeained!B:D,3,0) -> mitteeristav | AX108: =VLOOKUP(AR:AR,hinded_abi!A:D,4,0) -> 0 | AY108: =IF(AW108="eristav",AV108*AX108," ") | AZ108: =IF(AW108="eristav",AV108,0) -> 0
A109: S00006 | B109: Kati | C109: Laas | D109: 44004055865 | E109: Naine | F109: 514 rakenduskõrgharidusõpe | G109: Ei | H109: Ei | I109: Jah | J109: 44206 | K109: 05.05.2025 | L109: 44466 | M109: Finantseerimisallika muutmine | N109: Tervislikel põhjustel | O109: R20kevad | P109: Lõpetanud | Q109: 45899 | R109: t | S109: Osakoormus | T109: Õenduse õppetool | U109: Farmatseut | V109: 1477 | W109: 514 rakenduskõrgharidusõpe | X109: NULL | Y109: 1 | Z109: Üliõpilaselt nõutakse õppekulude hüvitamist puuduolevate ainepunktide eest | AA109: eesti keel | AB109: 0.6 | AC109: Ei | AD109: NULL | AE109: DEF AS | AF109: 75 | AG109: 56 | AH109: 3.3 | AI109: 4.0 | AJ109: 4.5 | AK109: 4.7 | AL109: 4 | AM109: 1 | AN109: 4 | AO109: 6 | AP109: 60 | AQ109: 2 | AR109: Hea C | AS109: õppeaine94 | AT109: õppeaine94 | AU109: 45163 | AV109: =VLOOKUP(dummy_yherealine!$AT109,dummy_oppeained!B:C,2,0) -> 9 | AW109: =VLOOKUP(AS109,dummy_oppeained!B:D,3,0) -> eristav | AX109: =VLOOKUP(AR:AR,hinded_abi!A:D,4,0) -> 3 | AY109: =IF(AW109="eristav",AV109*AX109," ") -> 27 | AZ109: =IF(AW109="eristav",AV109,0) -> 9
A110: S00006 | B110: Kati | C110: Laas | D110: 44004055865 | E110: Naine | F110: 514 rakenduskõrgharidusõpe | G110: Ei | H110: Ei | I110: Jah | J110: 44206 | K110: 05.05.2025 | L110: 44466 | M110: Finantseerimisallika muutmine | N110: Tervislikel põhjustel | O110: R20kevad | P110: Lõpetanud | Q110: 45899 | R110: t | S110: Osakoormus | T110: Õenduse õppetool | U110: Farmatseut | V110: 1477 | W110: 514 rakenduskõrgharidusõpe | X110: NULL | Y110: 1 | Z110: Üliõpilaselt nõutakse õppekulude hüvitamist puuduolevate ainepunktide eest | AA110: eesti keel | AB110: 0.6 | AC110: Ei | AD110: NULL | AE110: DEF AS | AF110: 75 | AG110: 56 | AH110: 3.3 | AI110: 4.0 | AJ110: 4.5 | AK110: 4.7 | AL110: 4 | AM110: 1 | AN110: 4 | AO110: 6 | AP110: 60 | AQ110: 2 | AR110: Väga hea B | AS110: õppeaine41 | AT110: õppeaine41 | AU110: 45198 | AV110: =VLOOKUP(dummy_yherealine!$AT110,dummy_oppeained!B:C,2,0) -> 6 | AW110: =VLOOKUP(AS110,dummy_oppeained!B:D,3,0) -> eristav | AX110: =VLOOKUP(AR:AR,hinded_abi!A:D,4,0) -> 4 | AY110: =IF(AW110="eristav",AV110*AX110," ") -> 24 | AZ110: =IF(AW110="eristav",AV110,0) -> 6
A111: S00006 | B111: Kati | C111: Laas | D111: 44004055865 | E111: Naine | F111: 514 rakenduskõrgharidusõpe | G111: Ei | H111: Ei | I111: Jah | J111: 44206 | K111: 05.05.2025 | L111: 44466 | M111: Finantseerimisallika muutmine | N111: Tervislikel põhjustel | O111: R20kevad | P111: Lõpetanud | Q111: 45899 | R111: t | S111: Osakoormus | T111: Õenduse õppetool | U111: Farmatseut | V111: 1477 | W111: 514 rakenduskõrgharidusõpe | X111: NULL | Y111: 1 | Z111: Üliõpilaselt nõutakse õppekulude hüvitamist puuduolevate ainepunktide eest | AA111: eesti keel | AB111: 0.6 | AC111: Ei | AD111: NULL | AE111: DEF AS | AF111: 75 | AG111: 56 | AH111: 3.3 | AI111: 4.0 | AJ111: 4.5 | AK111: 4.7 | AL111: 4 | AM111: 1 | AN111: 4 | AO111: 6 | AP111: 60 | AQ111: 2 | AR111: Arvestatud A | AS111: õppeaine5 | AT111: õppeaine5 | AU111: 44833 | AV111: =VLOOKUP(dummy_yherealine!$AT111,dummy_oppeained!B:C,2,0) -> 2 | AW111: =VLOOKUP(AS111,dummy_oppeained!B:D,3,0) -> mitteeristav | AX111: =VLOOKUP(AR:AR,hinded_abi!A:D,4,0) -> NULL | AY111: =IF(AW111="eristav",AV111*AX111," ") | AZ111: =IF(AW111="eristav",AV111,0) -> 0
A112: S00006 | B112: Kati | C112: Laas | D112: 44004055865 | E112: Naine | F112: 514 rakenduskõrgharidusõpe | G112: Ei | H112: Ei | I112: Jah | J112: 44206 | K112: 05.05.2025 | L112: 44466 | M112: Finantseerimisallika muutmine | N112: Tervislikel põhjustel | O112: R20kevad | P112: Lõpetanud | Q112: 45899 | R112: t | S112: Osakoormus | T112: Õenduse õppetool | U112: Farmatseut | V112: 1477 | W112: 514 rakenduskõrgharidusõpe | X112: NULL | Y112: 1 | Z112: Üliõpilaselt nõutakse õppekulude hüvitamist puuduolevate ainepunktide eest | AA112: eesti keel | AB112: 0.6 | AC112: Ei | AD112: NULL | AE112: DEF AS | AF112: 75 | AG112: 56 | AH112: 3.3 | AI112: 4.0 | AJ112: 4.5 | AK112: 4.7 | AL112: 4 | AM112: 1 | AN112: 4 | AO112: 6 | AP112: 60 | AQ112: 2 | AR112: Mitteilmunud MI | AS112: õppeaine48 | AT112: õppeaine48 | AU112: 45485 | AV112: =VLOOKUP(dummy_yherealine!$AT112,dummy_oppeained!B:C,2,0) -> 3 | AW112: =VLOOKUP(AS112,dummy_oppeained!B:D,3,0) -> mitteeristav | AX112: =VLOOKUP(AR:AR,hinded_abi!A:D,4,0) -> 0 | AY112: =IF(AW112="eristav",AV112*AX112," ") | AZ112: =IF(AW112="eristav",AV112,0) -> 0
A113: S00006 | B113: Kati | C113: Laas | D113: 44004055865 | E113: Naine | F113: 514 rakenduskõrgharidusõpe | G113: Ei | H113: Ei | I113: Jah | J113: 44206 | K113: 05.05.2025 | L113: 44466 | M113: Finantseerimisallika muutmine | N113: Tervislikel põhjustel | O113: R20kevad | P113: Lõpetanud | Q113: 45899 | R113: t | S113: Osakoormus | T113: Õenduse õppetool | U113: Farmatseut | V113: 1477 | W113: 514 rakenduskõrgharidusõpe | X113: NULL | Y113: 1 | Z113: Üliõpilaselt nõutakse õppekulude hüvitamist puuduolevate ainepunktide eest | AA113: eesti keel | AB113: 0.6 | AC113: Ei | AD113: NULL | AE113: DEF AS | AF113: 75 | AG113: 56 | AH113: 3.3 | AI113: 4.0 | AJ113: 4.5 | AK113: 4.7 | AL113: 4 | AM113: 1 | AN113: 4 | AO113: 6 | AP113: 60 | AQ113: 2 | AR113: Mitteilmunud MI | AS113: õppeaine81 | AT113: õppeaine81 | AU113: 45682 | AV113: =VLOOKUP(dummy_yherealine!$AT113,dummy_oppeained!B:C,2,0) -> 5 | AW113: =VLOOKUP(AS113,dummy_oppeained!B:D,3,0) -> eristav | AX113: =VLOOKUP(AR:AR,hinded_abi!A:D,4,0) -> 0 | AY113: =IF(AW113="eristav",AV113*AX113," ") -> 0 | AZ113: =IF(AW113="eristav",AV113,0) -> 5
A114: S00006 | B114: Kati | C114: Laas | D114: 44004055865 | E114: Naine | F114: 514 rakenduskõrgharidusõpe | G114: Ei | H114: Ei | I114: Jah | J114: 44206 | K114: 05.05.2025 | L114: 44466 | M114: Finantseerimisallika muutmine | N114: Tervislikel põhjustel | O114: R20kevad | P114: Lõpetanud | Q114: 45899 | R114: t | S114: Osakoormus | T114: Õenduse õppetool | U114: Farmatseut | V114: 1477 | W114: 514 rakenduskõrgharidusõpe | X114: NULL | Y114: 1 | Z114: Üliõpilaselt nõutakse õppekulude hüvitamist puuduolevate ainepunktide eest | AA114: eesti keel | AB114: 0.6 | AC114: Ei | AD114: NULL | AE114: DEF AS | AF114: 75 | AG114: 56 | AH114: 3.3 | AI114: 4.0 | AJ114: 4.5 | AK114: 4.7 | AL114: 4 | AM114: 1 | AN114: 4 | AO114: 6 | AP114: 60 | AQ114: 2 | AR114: Arvestatud A | AS114: õppeaine45 | AT114: õppeaine45 | AU114: 44187 | AV114: =VLOOKUP(dummy_yherealine!$AT114,dummy_oppeained!B:C,2,0) -> 3 | AW114: =VLOOKUP(AS114,dummy_oppeained!B:D,3,0) -> mitteeristav | AX114: =VLOOKUP(AR:AR,hinded_abi!A:D,4,0) -> NULL | AY114: =IF(AW114="eristav",AV114*AX114," ") | AZ114: =IF(AW114="eristav",AV114,0) -> 0
A115: S00006 | B115: Kati | C115: Laas | D115: 44004055865 | E115: Naine | F115: 514 rakenduskõrgharidusõpe | G115: Ei | H115: Ei | I115: Jah | J115: 44206 | K115: 05.05.2025 | L115: 44466 | M115: Finantseerimisallika muutmine | N115: Tervislikel põhjustel | O115: R20kevad | P115: Lõpetanud | Q115: 45899 | R115: t | S115: Osakoormus | T115: Õenduse õppetool | U115: Farmatseut | V115: 1477 | W115: 514 rakenduskõrgharidusõpe | X115: NULL | Y115: 1 | Z115: Üliõpilaselt nõutakse õppekulude hüvitamist puuduolevate ainepunktide eest | AA115: eesti keel | AB115: 0.6 | AC115: Ei | AD115: NULL | AE115: DEF AS | AF115: 75 | AG115: 56 | AH115: 3.3 | AI115: 4.0 | AJ115: 4.5 | AK115: 4.7 | AL115: 4 | AM115: 1 | AN115: 4 | AO115: 6 | AP115: 60 | AQ115: 2 | AR115: Arvestatud A | AS115: õppeaine19 | AT115: õppeaine19 | AU115: 45362 | AV115: =VLOOKUP(dummy_yherealine!$AT115,dummy_oppeained!B:C,2,0) -> 2 | AW115: =VLOOKUP(AS115,dummy_oppeained!B:D,3,0) -> mitteeristav | AX115: =VLOOKUP(AR:AR,hinded_abi!A:D,4,0) -> NULL | AY115: =IF(AW115="eristav",AV115*AX115," ") | AZ115: =IF(AW115="eristav",AV115,0) -> 0
